Postcode,03-2000,06-2000,09-2000,12-2000,03-2001,06-2001,09-2001,12-2001,03-2002,06-2002,09-2002,12-2002,03-2003,06-2003,09-2003,12-2003,03-2004,06-2004,09-2004,12-2004,03-2005,06-2005,09-2005,12-2005,03-2006,06-2006,09-2006,12-2006,03-2007,06-2007,09-2007,12-2007,03-2008,06-2008,09-2008,12-2008,03-2009,06-2009,09-2009,12-2009,03-2010,06-2010,09-2010,12-2010,03-2011,06-2011,09-2011,12-2011,03-2012,06-2012,09-2012,12-2012,03-2013,06-2013,09-2013,12-2013,03-2014,06-2014,09-2014,12-2014,03-2015,06-2015,09-2015,12-2015,03-2016,06-2016,09-2016,12-2016,03-2017,06-2017,09-2017,12-2017,03-2018,06-2018,09-2018,12-2018,03-2019,06-2019,09-2019,12-2019,03-2020,06-2020,09-2020,12-2020,03-2021,06-2021,09-2021,12-2021,03-2022,06-2022,09-2022,12-2022,03-2023,06-2023,09-2023,12-2023,03-2024
3067,235,235,240,248,250,250,255,255,260,260,260,265,280,275,280,280,270,270,270,275,280,290,295,300,300,300,310,320,330,350,350,350,360,380,400,400,410,420,420,420,420,424,450,450,450,455,460,470,480,490,495,495,495,495,500,500,515,520,520,520,515,525,525,530,530,550,550,550,570,560,565,575,590,600,600,600,600,600,615,610,610,600,600,600,593,590,590,600,600,600,600,600,620,650,650,670,698
3206,300,310,320,320,335,335,340,345,350,350,330,330,340,340,350,350,350,350,345,350,350,350,360,360,375,375,378,388,390,415,415,410,400,420,430,450,475,480,500,510,520,521,521,531,550,545,550,550,550,565,550,550,555,555,575,590,593,588,585,563,595,595,600,645,630,640,650,648,650,650,650,660,665,670,675,678,678,683,680,675,680,673,670,650,650,625,625,650,650,650,650,650,650,680,700,720,738
3350,130,130,130,140,140,140,145,145,150,150,150,150,155,160,160,163,165,165,170,168,165,170,170,170,175,175,175,180,180,180,180,180,188,190,200,200,200,200,200,205,225,228,230,225,220,225,225,233,235,240,240,243,243,240,240,232,240,250,260,275,270,260,260,255,250,245,245,240,240,240,240,250,250,260,260,265,265,270,275,280,280,280,280,280,280,283,300,310,320,320,320,320,325,340,340,345,350
3078,210,220,210,210,210,220,220,238,240,245,253,255,241,240,241,240,243,250,250,260,266,266,270,280,280,280,285,275,283,300,310,320,326,340,350,350,370,369,380,395,395,420,395,378,390,395,395,410,415,410,418,433,438,450,440,450,460,455,450,445,430,450,450,485,480,460,460,480,470,480,488,470,500,500,500,520,520,525,530,530,545,545,540,550,550,550,550,546,550,541,545,550,570,580,600,590,645
3018,160,160,160,165,160,170,168,168,165,170,175,178,180,180,183,185,185,185,185,180,185,190,195,200,200,205,210,210,220,225,230,240,250,260,270,280,290,290,290,290,290,290,290,290,300,300,310,300,310,300,300,310,300,308,320,320,330,330,330,335,340,330,325,330,330,330,330,330,330,340,340,350,350,350,360,360,350,360,360,360,360,365,370,365,365,360,360,360,360,365,370,380,380,380,400,410,430
3143,290,290,298,300,300,300,310,300,303,300,300,310,315,320,330,340,340,350,350,345,350,350,351,370,375,380,380,400,420,420,420,420,430,430,473,475,450,450,450,495,496,501,496,495,495,500,535,533,575,590,575,573,570,550,570,560,550,555,550,580,600,600,600,600,590,598,600,600,630,620,620,635,620,645,645,620,620,615,633,650,650,633,620,620,600,650,650,648,663,675,663,673,675,698,750,768,775
3032,210,210,210,220,220,225,230,230,230,230,230,240,240,240,240,240,250,250,250,250,250,250,250,250,250,260,265,270,275,290,300,308,320,330,350,350,350,350,350,361,370,380,390,390,390,400,400,400,400,400,400,400,400,403,405,400,399,400,410,420,423,428,430,440,450,450,450,440,450,450,460,470,483,490,500,490,490,495,490,495,495,485,488,480,480,495,500,500,500,500,500,510,515,525,550,560,598
3147,200,210,200,200,200,208,210,210,218,220,220,220,225,225,230,230,230,230,240,230,230,230,238,248,243,250,250,260,265,270,275,285,300,300,320,320,320,330,330,335,350,350,350,360,360,360,370,370,370,365,340,340,340,350,360,361,380,380,395,395,388,390,390,383,390,395,395,398,395,390,393,400,415,420,425,420,420,419,420,418,415,400,413,400,400,400,400,410,415,420,420,420,445,465,490,495,500
3195,165,170,170,175,180,180,180,180,180,180,190,190,190,193,190,190,190,190,195,200,195,195,198,200,205,218,220,220,230,240,245,250,260,260,280,280,280,285,280,288,290,290,300,300,311,325,325,320,320,320,320,320,320,320,350,350,350,350,345,350,345,340,350,350,360,375,365,370,365,365,363,390,395,395,400,398,385,400,395,395,400,397,400,408,420,420,425,425,425,423,450,455,470,465,470,488,490
3034,170,170,170,170,175,173,178,180,190,200,200,200,200,198,200,200,195,195,190,195,200,198,200,200,201,220,220,235,255,260,263,268,275,275,290,290,300,310,315,310,300,300,305,320,330,330,330,320,320,325,330,333,340,340,350,350,350,350,350,350,350,355,370,370,360,360,355,360,360,360,360,380,385,400,400,400,400,390,380,380,390,393,395,393,393,393,385,385,385,380,395,395,420,425,430,450,455
3875,120,120,120,123,125,125,130,130,130,130,130,130,125,135,135,150,150,160,165,165,160,160,155,160,160,160,165,168,168,175,180,180,185,180,190,190,195,195,195,195,200,200,200,210,220,220,228,230,230,230,230,230,225,230,230,230,238,238,240,240,250,260,250,240,240,240,240,250,250,245,250,250,250,250,250,250,260,263,265,273,278,278,275,275,280,300,300,313,318,320,330,350,350,350,350,345,350
3350,125,125,130,130,130,130,130,135,135,140,145,150,150,150,150,150,160,155,160,160,160,165,170,170,170,170,170,170,170,175,175,178,180,185,188,190,195,198,200,200,200,209,210,220,220,225,230,230,230,230,240,240,240,240,240,240,250,250,250,250,245,245,245,250,250,250,250,250,250,250,250,250,250,260,260,260,265,270,275,280,280,280,285,290,290,290,300,300,308,320,320,320,330,340,340,340,345
3103,220,220,227,230,240,235,238,235,235,240,240,240,240,240,240,240,250,250,250,258,260,258,260,258,260,260,270,280,285,295,300,325,340,343,343,350,355,360,368,360,370,375,380,380,380,378,380,390,395,400,405,400,410,405,410,410,413,420,400,400,390,395,390,400,400,405,413,420,400,408,410,413,430,430,430,430,433,435,430,425,435,428,440,440,420,420,420,410,450,450,445,450,450,460,510,528,550
3227,135,138,138,135,140,140,145,150,150,150,145,150,150,155,165,170,170,173,168,170,175,168,175,175,183,190,200,200,200,200,200,200,220,235,250,255,265,260,260,268,268,280,280,280,285,285,295,300,298,295,295,298,298,293,288,300,300,300,300,300,310,323,315,320,310,315,323,300,315,315,335,343,345,350,350,350,353,370,370,370,370,360,360,373,378,445,455,455,455,485,460,475,460,450,440,435,450
3153,153,153,155,158,160,160,160,170,170,170,175,175,180,170,180,185,179,183,175,178,185,180,193,195,198,200,203,205,210,215,213,220,220,230,250,260,260,260,265,270,270,275,280,263,280,280,285,290,285,300,300,300,300,300,310,325,298,305,300,300,315,300,-,325,330,328,323,320,330,345,350,350,350,350,345,345,360,360,355,350,350,355,360,370,370,363,370,360,370,390,392,400,400,400,400,400,410
3193,245,250,250,260,260,280,280,280,276,270,273,275,280,273,270,270,278,280,283,280,280,285,288,295,295,300,313,323,370,355,400,393,378,400,400,407,425,423,403,445,420,435,450,450,460,460,450,460,450,450,438,455,463,455,455,450,460,455,463,460,468,460,475,475,455,485,478,490,510,498,510,520,500,520,525,500,550,545,530,550,510,500,525,530,550,540,550,500,525,543,550,560,595,600,610,625,650
3216,145,150,145,145,150,150,150,150,155,160,160,160,165,165,165,170,173,180,180,180,188,190,185,190,195,200,210,215,210,215,220,220,235,240,240,245,250,250,250,255,260,270,265,270,280,283,290,290,290,295,295,290,300,290,290,300,300,300,300,300,298,295,300,300,300,300,300,300,310,310,310,310,320,320,330,330,340,330,340,340,340,348,350,360,360,370,370,370,375,380,390,400,400,400,410,420,425
3672,108,110,110,110,115,120,120,120,125,130,133,140,140,145,150,150,150,150,150,150,150,145,148,157,160,160,160,160,160,160,160,170,170,170,175,178,170,173,170,170,180,175,175,178,185,190,190,190,190,190,190,190,190,190,190,195,190,190,195,200,210,210,210,213,208,220,220,220,220,220,210,230,235,230,230,240,245,250,250,260,260,260,273,290,300,300,320,320,350,350,350,350,350,350,350,350,350
3550,125,125,125,130,130,138,138,140,140,140,145,150,153,160,160,165,170,165,175,173,175,175,175,175,175,175,180,183,185,190,195,195,200,200,200,200,200,200,203,205,220,220,228,235,245,250,250,260,270,260,270,273,280,278,273,260,260,265,265,270,270,270,270,260,260,260,250,250,250,255,260,260,260,250,260,270,280,280,290,300,305,320,323,330,335,335,350,350,350,350,350,360,375,380,380,395,400
3204,210,215,215,220,220,220,220,225,230,230,230,230,230,235,235,235,240,241,250,250,250,250,250,270,270,276,280,280,285,290,300,300,310,320,320,340,350,355,355,355,358,360,360,365,375,375,389,390,397,399,395,395,390,398,400,405,410,420,420,420,420,410,410,410,420,420,420,420,430,430,440,450,460,458,450,450,450,460,463,460,460,450,450,475,470,475,475,470,480,480,490,490,485,490,520,548,570
3806,168,170,175,180,180,185,183,185,185,182,182,185,185,185,188,188,190,190,190,195,190,203,200,215,220,220,238,235,235,245,238,240,243,250,255,270,278,280,283,290,293,300,320,308,305,310,310,310,310,310,310,320,325,330,320,320,320,330,330,330,330,318,330,325,325,330,325,330,335,340,340,340,340,340,340,340,330,330,330,330,335,338,340,340,350,350,350,355,360,360,363,400,405,425,430,440,450
3130,185,185,190,195,195,190,190,190,200,210,208,205,205,200,200,200,210,213,220,220,225,228,228,225,230,235,250,250,260,265,270,280,295,300,300,310,315,320,318,320,340,333,350,350,335,340,350,340,345,345,340,345,345,345,350,380,370,368,380,360,365,363,355,355,370,370,370,380,380,380,400,393,388,390,390,395,397,415,410,413,410,410,408,410,400,400,405,398,400,400,400,430,430,450,470,475,530
3155,150,155,155,155,160,160,165,165,165,165,165,165,165,165,170,180,180,180,180,180,180,180,180,185,185,190,190,202,220,225,230,230,240,250,250,250,250,250,250,258,260,265,270,273,285,295,300,300,300,290,300,300,305,310,310,310,310,310,315,318,320,320,320,330,330,330,330,330,318,330,340,340,350,323,345,350,348,350,350,350,350,350,350,360,360,365,365,365,370,373,375,380,380,420,450,450,450
3128,190,190,190,197,200,200,210,210,215,210,220,220,210,220,220,220,220,228,230,230,238,230,240,235,243,240,240,250,260,270,275,280,295,300,300,300,300,320,320,320,320,333,350,360,360,360,360,360,360,350,350,350,350,345,350,360,370,369,360,360,350,370,373,380,380,383,385,390,400,395,395,400,400,400,400,400,398,400,400,400,413,420,410,400,400,400,400,400,408,400,415,430,430,440,450,460,460
3186,263,270,278,290,293,298,290,290,300,300,300,300,300,295,295,300,306,321,306,316,300,300,330,340,350,370,405,430,450,480,450,425,425,428,450,450,475,495,495,468,463,455,480,500,530,530,500,510,510,495,537,562,525,560,540,525,545,540,540,545,545,550,540,495,493,490,500,550,580,608,598,620,600,600,620,598,600,598,590,595,598,600,660,650,620,620,620,620,620,620,620,620,650,688,680,735,750
3187,250,250,255,253,255,255,255,255,260,265,260,270,253,263,270,270,275,270,270,278,285,295,300,300,300,310,330,340,358,360,365,375,375,390,400,400,400,400,400,408,420,420,428,425,418,450,450,450,450,450,458,465,463,460,450,450,440,440,450,485,500,500,500,500,500,500,475,478,488,510,527,527,550,520,520,520,520,520,520,500,500,505,550,530,545,550,550,550,550,535,520,523,543,545,560,575,615
3047,145,145,150,150,155,155,155,158,160,160,160,165,165,170,171,170,173,170,180,170,170,170,170,170,180,185,190,200,200,200,200,200,220,225,250,250,250,260,270,273,275,280,290,280,290,290,285,290,285,285,293,290,295,295,295,295,295,298,300,300,300,300,300,298,300,300,300,300,310,320,320,320,325,334,340,350,350,350,350,345,345,350,350,350,350,345,330,330,330,335,340,340,360,380,390,400,420
3056,210,220,220,220,230,230,230,235,240,240,240,240,240,240,240,240,245,250,250,250,260,260,260,260,268,280,280,290,300,300,310,320,330,340,350,360,370,380,380,380,388,390,400,400,400,420,425,440,450,450,450,450,450,450,450,450,450,450,460,470,475,480,478,480,485,480,495,500,500,500,500,500,503,520,530,540,543,548,540,545,550,550,550,550,545,540,540,550,550,550,550,560,570,580,600,620,630
3057,223,230,230,230,230,240,250,240,250,250,250,250,250,240,250,250,260,265,260,260,260,260,260,280,290,290,290,300,295,318,320,340,350,350,370,370,380,380,390,400,400,400,400,400,420,420,440,447,460,485,480,490,475,463,473,475,480,485,500,500,500,500,500,500,500,500,500,503,510,515,520,520,530,530,530,535,530,530,540,550,545,550,545,540,548,535,540,535,530,530,530,550,570,590,603,645,660
3055,200,205,200,190,190,203,210,215,233,230,228,228,230,235,243,240,250,250,245,253,260,265,265,260,255,250,250,250,260,270,270,285,320,320,350,340,340,350,341,348,355,360,383,390,393,400,400,390,385,400,410,418,425,425,420,428,420,420,440,440,450,450,450,440,443,450,473,480,470,465,463,470,485,480,500,510,500,515,500,505,510,495,495,488,470,485,480,490,485,500,515,510,525,548,550,550,595
3105,183,185,195,200,200,210,210,210,205,200,205,210,210,210,205,210,218,220,220,220,230,230,230,230,228,250,253,260,266,270,290,300,320,300,320,318,313,320,320,320,345,338,345,350,350,360,373,385,393,390,385,370,360,360,360,350,365,365,353,370,375,363,363,355,360,368,380,380,400,400,400,410,400,398,395,395,400,418,420,400,410,393,398,420,420,420,420,430,425,428,428,425,430,450,460,480,483
3083,175,180,180,180,180,180,190,190,190,190,190,200,200,200,200,200,200,200,200,200,205,210,210,210,210,220,230,230,240,240,250,260,260,260,268,280,280,300,300,300,300,300,305,311,320,320,320,320,320,330,325,327,325,320,323,320,325,330,330,330,330,330,330,330,330,330,330,330,328,330,340,350,360,360,360,360,363,370,368,370,370,370,375,380,380,380,385,390,390,390,395,390,400,400,410,430,440
3357,125,130,130,130,130,130,130,135,140,140,150,150,150,150,155,155,160,160,160,165,165,165,165,165,170,170,170,180,175,180,180,175,175,180,183,185,195,200,200,200,195,190,190,200,220,220,220,220,240,238,240,240,240,245,250,250,250,250,250,250,250,250,240,240,255,258,263,260,263,240,230,240,238,245,265,280,283,290,283,260,-,240,260,260,275,300,325,323,323,323,320,-,-,-,-,-,350
3121,253,260,260,265,275,280,280,285,290,290,295,295,295,300,300,300,310,320,320,320,315,320,320,320,330,330,340,350,350,360,375,380,390,400,415,425,435,450,450,450,450,458,460,470,480,488,500,520,520,525,520,520,520,530,530,520,530,545,550,550,565,560,550,560,560,570,580,590,585,590,595,600,600,600,600,600,600,620,620,625,625,618,600,600,600,600,600,600,600,615,618,623,630,640,670,680,700
3125,200,210,200,200,200,208,210,210,218,220,220,220,225,225,230,230,230,230,240,230,230,230,238,248,243,250,250,260,265,270,275,285,300,300,320,320,320,330,330,335,350,350,350,360,360,360,370,370,370,365,340,340,340,350,360,361,380,380,395,395,388,390,390,383,390,395,395,398,395,390,393,400,415,420,425,420,420,419,420,418,415,400,413,400,400,400,400,410,415,420,420,420,445,465,490,495,500
3151,190,193,192,190,190,190,190,198,195,200,205,200,200,200,200,205,230,230,230,230,225,220,228,240,240,248,250,255,260,260,270,270,270,280,295,300,298,300,300,300,305,325,333,330,335,338,348,350,350,350,350,350,340,350,350,350,360,350,370,355,360,365,365,370,370,370,370,355,360,355,360,395,398,400,400,400,401,400,415,410,408,405,393,378,375,380,390,380,395,395,383,393,410,450,460,460,480
3124,230,245,250,250,250,260,265,270,270,265,270,270,268,268,270,255,260,260,270,290,295,295,290,290,290,295,295,305,330,338,350,350,350,378,373,380,395,390,385,388,385,390,400,420,420,445,440,450,450,450,450,450,450,450,461,460,470,473,480,475,470,473,460,465,480,480,495,495,495,495,500,500,520,540,533,525,525,500,498,500,500,530,530,525,523,500,490,500,500,500,500,510,500,510,510,550,550
3126,233,240,240,240,240,250,250,251,250,250,250,250,255,250,250,250,250,260,270,260,260,260,255,260,270,280,300,298,280,300,300,300,345,358,370,380,385,405,393,385,385,358,385,400,400,395,393,380,395,398,400,440,420,422,420,420,423,425,450,450,425,423,420,420,423,420,430,430,445,475,445,450,450,420,468,475,500,480,450,450,465,485,460,440,443,450,475,470,450,465,450,460,465,460,500,525,592
3053,250,253,250,250,255,260,270,273,275,278,280,280,285,293,280,285,300,300,300,300,300,300,300,310,313,315,315,318,320,335,365,370,388,395,395,380,390,385,385,400,430,435,435,450,450,465,465,473,480,495,490,490,493,500,500,520,503,490,495,488,490,520,533,550,550,538,500,500,500,500,520,540,550,540,550,555,590,595,600,600,600,600,593,560,550,560,570,560,560,550,550,565,585,590,600,630,650
3054,250,260,260,260,265,270,270,280,290,293,290,295,290,288,285,275,283,290,290,300,298,300,310,320,320,323,340,340,330,350,360,378,400,415,418,420,415,415,420,425,440,470,460,475,480,460,483,470,470,500,485,480,480,480,500,500,520,520,530,540,540,555,550,540,540,520,520,520,525,530,550,550,550,575,580,580,580,578,583,593,610,605,600,588,580,580,585,590,597,600,605,618,635,640,650,675,685
3163,210,210,220,223,225,230,220,225,240,240,248,250,250,250,250,240,240,240,240,250,260,265,270,280,280,280,275,290,295,295,300,300,320,323,350,350,370,360,360,350,360,358,358,360,365,405,420,400,400,398,400,405,415,420,420,420,425,418,415,450,450,450,450,443,450,450,450,450,450,450,450,450,450,450,430,430,440,440,480,480,480,490,480,488,475,420,423,433,475,475,475,475,478,513,570,595,595
3197,165,170,170,175,180,180,180,180,180,180,190,190,190,193,190,190,190,190,195,200,195,195,198,200,205,218,220,220,230,240,245,250,260,260,280,280,280,285,280,288,290,290,300,300,311,325,325,320,320,320,320,320,320,320,350,350,350,350,345,350,345,340,350,350,360,375,365,370,365,365,363,390,395,395,400,398,385,400,395,395,400,397,400,408,420,420,425,425,425,423,450,455,470,465,470,488,490
3201,145,146,150,148,150,150,150,153,155,160,160,165,160,165,165,170,170,180,185,185,190,185,180,183,180,190,203,205,210,215,220,220,220,221,230,245,256,251,260,250,250,265,265,270,270,280,285,290,300,290,290,290,290,290,290,293,300,300,300,300,300,300,304,305,300,310,310,320,320,325,330,330,340,335,330,330,330,330,340,340,340,350,350,350,350,350,365,370,385,390,395,400,400,410,420,430,450
3450,120,125,125,130,130,130,130,133,135,140,140,140,145,150,150,150,160,160,160,170,170,170,170,175,175,175,175,180,180,185,185,188,190,195,195,200,200,200,200,200,218,220,230,235,243,250,250,270,270,270,270,270,280,285,280,280,280,280,290,290,293,295,298,293,285,285,290,290,290,290,300,300,300,300,300,318,313,320,320,320,325,330,340,350,340,345,350,350,360,375,375,375,390,385,393,390,390
3162,240,240,240,250,250,240,250,250,250,250,250,250,250,255,275,270,270,275,270,280,270,265,275,273,288,290,290,298,300,315,330,340,350,360,375,385,395,400,400,400,400,400,400,405,415,430,440,430,430,430,434,440,450,440,430,440,430,440,440,450,450,450,455,453,450,465,455,450,465,470,485,500,520,535,520,520,520,500,515,510,510,530,500,500,503,500,500,500,480,493,500,510,525,525,550,590,570
3000,-,-,-,-,-,-,-,-,-,-,-,-,-,-,-,-,-,-,-,-,-,-,-,-,-,-,-,-,-,-,-,-,-,-,-,-,-,-,-,-,-,-,-,-,-,-,-,-,-,-,-,-,-,-,-,-,-,-,-,-,-,-,-,-,-,-,-,-,-,-,-,-,-,-,-,-,-,-,-,-,-,-,-,-,-,-,-,-,-,-,-,-,-,-,-,-,-
3148,185,185,190,190,190,195,195,200,200,200,200,210,210,215,210,210,210,210,220,220,220,220,225,230,228,240,240,250,253,258,270,275,280,281,290,300,320,320,320,330,330,330,340,340,340,340,340,350,350,350,349,340,349,347,350,353,360,365,360,360,375,370,380,385,380,390,376,375,380,380,390,400,400,410,410,410,410,420,420,420,420,410,398,400,390,398,400,400,400,410,420,430,430,440,450,495,533
3196,165,170,170,175,180,180,180,180,180,180,190,190,190,193,190,190,190,190,195,200,195,195,198,200,205,218,220,220,230,240,245,250,260,260,280,280,280,285,280,288,290,290,300,300,311,325,325,320,320,320,320,320,320,320,350,350,350,350,345,350,345,340,350,350,360,375,365,370,365,365,363,390,395,395,400,398,385,400,395,395,400,397,400,408,420,420,425,425,425,423,450,455,470,465,470,488,490
3192,190,195,200,210,210,210,220,220,220,220,225,230,231,238,235,239,240,240,240,240,235,240,240,248,250,250,260,270,270,280,300,300,320,328,325,340,350,350,360,360,360,370,370,380,380,390,399,399,400,400,400,398,393,395,390,400,400,400,400,400,410,400,400,400,405,410,423,430,430,435,440,440,445,448,445,458,463,470,470,470,470,480,478,475,480,470,480,490,490,495,495,495,513,517,520,520,550
3168,170,170,170,173,170,180,180,180,188,185,185,190,195,195,195,200,210,220,220,220,220,220,230,228,230,230,240,240,240,250,250,260,265,270,280,295,300,300,300,300,320,320,333,340,344,340,340,330,330,330,330,330,330,330,340,345,346,350,350,350,365,375,375,375,370,370,380,380,380,380,380,373,380,380,385,393,400,400,415,403,410,405,400,410,400,400,398,400,400,400,405,410,425,450,470,490,500
3068,250,250,250,260,260,265,265,270,275,280,280,285,280,285,285,290,290,290,290,290,293,300,300,300,310,320,320,330,340,350,375,380,395,400,410,410,420,420,430,435,448,450,450,470,470,475,470,480,495,500,510,500,520,520,520,520,520,530,520,520,525,525,540,540,550,550,550,560,570,560,570,575,575,590,595,590,600,600,620,620,620,610,597,598,590,598,600,600,600,620,620,630,650,670,690,700,700
3058,180,185,185,185,185,185,190,190,200,200,200,200,200,200,210,210,210,213,210,215,220,220,220,220,225,225,230,240,250,260,265,275,280,290,300,300,320,328,330,330,340,340,350,350,350,350,360,360,360,365,360,360,370,370,380,380,380,390,390,395,395,400,400,400,400,400,410,420,420,425,425,440,440,450,450,450,450,450,460,460,470,465,470,470,470,460,460,467,470,470,470,470,480,500,500,530,550
3058,170,170,170,170,175,180,180,180,185,185,190,185,190,190,190,195,200,200,200,200,200,200,200,200,210,210,220,220,220,230,250,250,260,270,270,300,300,300,300,300,300,300,320,320,320,330,330,330,330,330,325,330,330,330,330,330,335,350,350,350,350,350,350,360,365,363,375,365,380,380,380,398,400,400,400,420,400,410,400,400,405,400,400,400,400,400,400,400,400,410,420,420,425,440,450,470,480
3066,235,235,240,248,250,250,255,255,260,260,260,265,280,275,280,280,270,270,270,275,280,290,295,300,300,300,310,320,330,350,350,350,360,380,400,400,410,420,420,420,420,424,450,450,450,455,460,470,480,490,495,495,495,495,500,500,515,520,520,520,515,525,525,530,530,550,550,550,570,560,565,575,590,600,600,600,600,600,615,610,610,600,600,600,593,590,590,600,600,600,600,600,620,650,650,670,698
3214,115,118,120,120,120,120,120,120,125,125,130,130,130,135,135,135,138,140,140,140,145,145,145,150,145,150,150,145,150,150,155,155,160,165,170,175,180,180,180,190,190,195,200,200,203,215,220,220,220,220,230,230,223,220,220,220,225,230,230,220,225,220,225,230,230,230,230,230,230,230,230,240,240,245,250,250,260,260,270,270,273,278,273,280,280,280,285,295,300,300,315,320,330,340,350,350,350
3064,-,-,-,-,-,-,-,-,198,194,180,-,-,-,200,200,195,183,-,-,-,-,-,-,203,200,195,195,213,220,235,240,250,250,280,280,280,300,270,275,290,293,300,310,318,310,300,300,300,300,300,300,300,300,300,300,300,300,300,300,300,300,300,305,305,310,310,310,320,320,320,320,325,330,333,340,340,340,340,340,340,340,340,340,340,348,350,345,350,350,350,353,360,380,385,400,420
3977,145,145,143,145,145,150,150,150,150,150,153,150,155,155,165,165,165,165,165,165,170,170,170,170,179,190,190,200,200,210,210,210,215,230,240,250,230,230,230,230,250,260,270,270,270,263,265,270,270,280,280,295,300,290,290,290,290,298,300,310,310,300,318,300,300,300,315,320,320,330,323,310,310,315,315,330,330,330,330,330,330,330,335,340,340,340,345,340,350,360,370,380,400,400,400,418,440
3136,160,160,165,165,170,170,170,170,170,170,175,175,175,176,175,176,180,180,185,185,190,190,190,190,195,200,210,213,220,220,230,230,240,248,250,258,260,260,270,280,280,295,300,300,300,300,300,300,300,310,315,315,315,320,320,330,330,325,325,330,330,335,335,335,340,340,340,345,345,350,350,360,360,365,370,370,375,370,370,370,370,375,380,380,380,380,380,390,390,390,400,400,410,425,430,440,450
3175,140,140,140,145,150,145,150,150,150,150,150,150,155,155,155,160,160,160,160,163,165,168,165,170,173,178,180,180,180,195,190,200,200,220,229,230,240,250,250,250,250,260,275,270,274,275,280,285,290,295,295,295,290,290,300,300,318,320,320,305,310,315,320,320,320,320,310,303,310,313,320,330,340,350,330,330,333,340,350,330,330,338,330,340,350,360,360,360,360,360,360,380,380,380,390,400,450
3175,135,140,140,140,145,145,145,150,150,150,150,153,155,155,160,160,165,168,165,175,173,175,175,165,165,165,170,180,195,193,200,200,200,200,223,230,240,250,260,255,265,265,260,270,268,268,270,280,270,279,279,270,280,285,290,285,290,297,300,300,293,290,290,300,300,300,290,290,290,293,290,295,295,298,310,310,311,310,311,310,320,320,328,330,328,325,323,327,325,335,330,335,340,350,373,380,392
3023,140,145,140,140,140,140,145,145,150,150,155,150,150,150,150,155,155,155,150,150,153,153,155,155,160,165,172,172,175,178,180,190,190,200,200,210,230,240,240,240,240,248,250,260,265,270,270,260,260,265,270,270,270,265,265,265,269,270,280,280,280,280,280,280,290,290,290,290,295,300,310,310,320,320,320,320,330,328,330,335,330,340,330,330,330,320,320,320,320,330,330,338,350,363,370,380,380
3356,116,120,123,125,125,125,135,135,135,135,140,140,145,140,138,150,150,155,163,160,168,165,165,165,165,165,165,165,165,175,178,180,176,176,180,180,183,185,185,190,185,190,197,200,210,220,220,225,230,230,230,230,230,230,230,235,240,240,240,240,240,240,240,235,240,238,240,240,240,240,245,240,250,250,250,260,260,260,260,270,274,275,275,273,270,275,280,285,288,300,300,310,320,320,320,325,340
3008,-,-,-,-,-,-,-,-,-,-,-,-,-,-,-,-,-,-,-,-,-,-,-,-,-,-,-,-,-,-,-,-,-,-,-,-,-,-,-,-,-,-,-,-,-,-,-,-,-,-,-,-,-,-,-,-,-,-,-,-,-,-,-,-,-,-,-,-,-,-,-,-,-,-,-,-,-,-,-,-,-,-,-,-,-,-,-,-,-,-,-,-,-,-,-,-,-
3108,183,185,195,200,200,210,210,210,205,200,205,210,210,210,205,210,218,220,220,220,230,230,230,230,228,250,253,260,266,270,290,300,320,300,320,318,313,320,320,320,345,338,345,350,350,360,373,385,393,390,385,370,360,360,360,350,365,365,353,370,375,363,363,355,360,368,380,380,400,400,400,410,400,398,395,395,400,418,420,400,410,393,398,420,420,420,420,430,425,428,428,425,430,450,460,480,483
3109,195,185,190,193,200,220,220,215,210,215,220,215,215,205,205,211,216,211,216,220,220,230,230,230,248,275,280,275,280,300,275,283,280,270,300,305,318,328,335,340,340,340,350,355,365,375,368,365,350,345,345,350,350,370,360,360,360,351,360,360,370,380,380,391,390,400,380,385,398,380,395,395,390,395,410,420,400,400,400,400,420,420,420,413,400,400,398,395,395,393,395,433,445,420,430,465,480
3111,195,185,190,193,200,220,220,215,210,215,220,215,215,205,205,211,216,211,216,220,220,230,230,230,248,275,280,275,280,300,275,283,280,270,300,305,318,328,335,340,340,340,350,355,365,375,368,365,350,345,345,350,350,370,360,360,360,351,360,360,370,380,380,391,390,400,380,385,398,380,395,395,390,395,410,420,400,400,400,400,420,420,420,413,400,400,398,395,395,393,395,433,445,420,430,465,480
3936,125,130,130,130,135,140,140,145,145,150,150,150,150,150,155,155,155,160,155,160,160,160,160,160,165,165,165,165,166,170,175,180,185,195,200,205,210,215,220,220,225,230,240,245,250,250,255,255,260,260,260,260,260,260,260,260,266,270,270,275,275,275,275,280,280,285,290,290,300,300,310,310,310,318,320,320,320,320,320,320,325,330,330,330,345,350,375,385,400,400,420,420,440,450,450,450,450
3550,130,135,135,135,138,140,140,140,145,150,150,150,155,160,165,173,170,170,170,170,173,175,180,180,185,185,190,200,200,190,200,200,195,200,200,200,205,200,210,220,220,225,230,230,230,240,240,250,250,255,250,250,250,250,250,255,250,260,260,260,260,253,250,260,255,255,260,255,260,260,260,260,260,260,260,260,270,270,280,280,280,280,280,280,285,310,320,320,330,340,340,348,360,370,380,380,385
3002,300,360,295,335,-,-,480,440,440,398,380,-,313,295,340,340,410,-,-,-,-,-,-,-,-,-,-,-,-,-,-,-,-,-,500,580,552,552,-,-,-,-,-,-,-,488,488,495,475,470,475,483,-,-,-,-,-,-,-,-,-,-,709,709,-,-,-,-,580,600,600,-,-,-,-,-,-,-,-,825,-,-,-,-,-,-,-,-,-,-,-,-,-,-,-,863,-
3564,145,145,145,143,150,160,155,155,160,160,160,170,170,170,170,173,180,175,175,175,175,175,175,175,178,180,194,194,195,192,193,190,190,198,195,200,200,200,210,200,200,200,200,210,215,215,225,230,228,220,225,230,230,230,230,250,250,250,253,258,268,270,290,280,290,273,275,280,273,280,280,280,280,280,280,280,280,280,280,280,288,303,310,313,310,305,285,320,330,340,350,360,350,350,355,365,380
3185,240,240,240,260,260,270,278,280,290,290,295,300,295,300,300,285,300,310,320,320,300,300,310,320,330,350,355,360,375,405,400,395,-,-,380,395,450,438,410,400,388,400,430,450,455,480,485,420,450,450,450,468,450,450,478,478,480,485,480,488,510,520,520,530,510,533,505,498,485,483,490,520,490,500,550,568,568,565,520,520,520,498,500,540,555,599,599,595,625,620,608,675,585,650,678,650,725
3095,185,185,185,190,190,190,190,195,190,195,190,190,195,193,195,200,200,203,210,210,205,220,225,229,235,233,235,235,230,250,250,250,250,250,260,255,265,270,290,300,300,300,310,320,320,330,330,335,350,340,340,340,330,340,330,331,340,343,350,350,350,353,355,355,350,350,350,350,360,355,400,410,410,420,400,400,400,400,400,385,400,400,400,400,400,400,420,410,430,420,410,420,425,430,430,445,460
3184,315,318,333,328,320,298,300,320,340,330,345,335,320,340,360,360,370,365,368,365,370,375,375,375,360,360,360,360,380,400,448,475,480,488,450,450,475,470,500,500,500,515,515,530,548,578,565,580,590,580,590,590,593,595,595,598,583,590,583,595,600,595,605,610,630,640,595,600,575,598,628,628,645,640,610,620,620,615,650,650,650,650,613,638,625,650,675,673,670,670,650,600,600,678,650,750,738
3802,135,140,140,140,145,145,145,150,150,150,150,153,155,155,160,160,165,168,165,175,173,175,175,165,165,165,170,180,195,193,200,200,200,200,223,230,240,250,260,255,265,265,260,270,268,268,270,280,270,279,279,270,280,285,290,285,290,297,300,300,293,290,290,300,300,300,290,290,290,293,290,295,295,298,310,310,311,310,311,310,320,320,328,330,328,325,323,327,325,335,330,335,340,350,373,380,392
3076,173,173,170,170,175,175,185,185,185,188,190,185,186,185,185,190,190,190,195,200,200,200,200,200,200,201,210,218,220,225,230,230,230,245,250,270,273,280,280,280,290,295,290,300,300,300,300,300,300,300,300,300,300,300,300,300,300,300,300,310,310,310,310,310,315,320,320,315,315,320,320,330,333,335,340,340,340,340,345,345,350,350,350,350,350,350,350,350,350,350,360,360,370,380,395,420,430
3040,180,190,190,190,195,195,200,205,210,210,215,218,210,210,215,210,220,220,220,220,220,220,220,230,230,235,240,235,240,245,250,275,290,290,300,310,300,310,310,320,330,345,350,343,343,350,350,350,360,350,350,350,350,370,380,380,380,375,380,390,390,390,380,378,370,370,375,375,393,400,400,400,400,405,400,400,410,410,410,420,413,420,420,415,420,418,420,415,400,410,410,420,430,450,460,470,490
3078,210,220,210,210,210,220,220,238,240,245,253,255,241,240,241,240,243,250,250,260,266,266,270,280,280,280,285,275,283,300,310,320,326,340,350,350,370,369,380,395,395,420,395,378,390,395,395,410,415,410,418,433,438,450,440,450,460,455,450,445,430,450,450,485,480,460,460,480,470,480,488,470,500,500,500,520,520,525,530,530,545,545,540,550,550,550,550,546,550,541,545,550,570,580,600,590,645
3060,160,160,160,165,165,165,170,170,170,170,175,175,175,175,178,180,180,180,180,175,180,180,180,185,185,185,195,200,200,210,220,230,250,250,250,260,275,280,280,280,290,290,300,300,300,300,310,310,310,310,300,310,300,310,310,300,300,300,300,310,310,320,330,330,330,330,330,330,340,340,345,350,350,360,360,360,370,370,370,375,380,380,380,380,370,360,360,360,360,360,375,380,395,405,430,440,450
3156,156,156,156,155,158,165,170,175,175,175,170,175,175,170,180,170,173,175,180,183,190,185,188,190,180,195,200,200,200,209,210,240,240,240,245,243,255,260,260,260,268,270,275,295,285,280,298,300,300,300,295,295,300,300,300,300,300,300,320,320,325,325,335,335,335,340,345,343,338,335,335,343,360,330,330,350,335,350,350,350,365,370,358,355,350,350,350,350,355,-,-,383,400,380,435,445,450
3065,250,250,260,260,263,270,280,280,290,290,285,285,285,290,290,290,290,295,300,300,300,303,308,320,330,339,340,350,350,360,380,390,400,410,435,443,450,460,460,480,470,480,490,480,500,500,500,505,520,520,520,520,520,520,520,540,530,550,565,570,575,585,588,598,600,600,600,600,590,585,588,588,600,620,645,648,645,600,600,610,650,650,630,630,610,610,600,600,628,625,630,640,650,680,690,710,750
3068,250,250,250,260,260,265,265,270,275,280,280,285,280,285,285,290,290,290,290,290,293,300,300,300,310,320,320,330,340,350,375,380,395,400,410,410,420,420,430,435,448,450,450,470,470,475,470,480,495,500,510,500,520,520,520,520,520,530,520,520,525,525,540,540,550,550,550,560,570,560,570,575,575,590,595,590,600,600,620,620,620,610,597,598,590,598,600,600,600,620,620,630,650,670,690,700,700
3031,220,220,220,230,240,240,240,240,250,250,250,250,260,260,260,260,260,260,260,260,265,260,268,270,273,280,280,285,290,295,300,320,330,331,350,360,360,363,375,380,388,400,400,400,410,410,410,410,410,420,430,420,440,430,433,450,440,440,443,447,450,450,460,465,470,470,470,475,480,480,480,485,490,500,500,500,500,510,520,520,530,525,525,500,500,500,500,500,500,520,520,510,525,550,563,595,600
3550,130,135,135,135,138,140,140,140,145,150,150,150,155,160,165,173,170,170,170,170,173,175,180,180,185,185,190,200,200,190,200,200,195,200,200,200,205,200,210,220,220,225,230,230,230,240,240,250,250,255,250,250,250,250,250,255,250,260,260,260,260,253,250,260,255,255,260,255,260,260,260,260,260,260,260,260,270,270,280,280,280,280,280,280,285,310,320,320,330,340,340,348,360,370,380,380,385
3011,165,165,165,165,165,170,170,170,175,180,185,185,190,190,190,200,200,200,200,195,200,200,200,205,210,215,220,225,235,240,250,260,270,288,300,300,310,305,320,320,320,323,328,330,330,330,340,340,350,350,350,350,350,350,360,360,370,370,375,380,380,380,380,380,390,400,410,410,415,420,420,430,430,430,450,450,450,450,450,450,450,450,450,450,450,443,450,450,450,450,450,450,470,483,500,520,540
3131,190,193,192,190,190,190,190,198,195,200,205,200,200,200,200,205,230,230,230,230,225,220,228,240,240,248,250,255,260,260,270,270,270,280,295,300,298,300,300,300,305,325,333,330,335,338,348,350,350,350,350,350,340,350,350,350,360,350,370,355,360,365,365,370,370,370,370,355,360,355,360,395,398,400,400,400,401,400,415,410,408,405,393,378,375,380,390,380,395,395,383,393,410,450,460,460,480
3199,140,140,140,145,150,150,155,155,155,160,160,165,165,170,170,170,170,175,175,175,175,180,180,183,185,185,185,190,190,195,200,210,220,230,230,233,240,248,250,250,250,260,263,270,270,270,270,270,278,275,280,280,280,275,275,290,288,290,290,290,295,295,295,295,300,305,315,315,320,320,330,333,335,340,335,340,340,345,345,345,340,340,340,343,355,360,365,370,370,375,380,398,420,420,430,440,450
3220,140,145,145,145,150,145,150,150,150,155,160,160,160,165,165,165,170,170,175,180,180,180,180,180,185,185,190,195,195,200,200,210,215,220,220,231,240,240,248,250,250,250,250,260,260,270,280,280,280,280,285,290,290,285,280,280,280,290,290,295,290,290,290,290,295,300,300,300,300,300,300,300,310,310,320,320,320,323,320,330,330,335,340,350,353,350,360,370,375,395,400,410,410,420,420,420,420
3218,135,140,140,140,140,145,150,150,160,160,160,160,161,170,170,170,175,175,180,180,185,188,185,190,195,200,200,200,210,220,220,220,220,220,230,230,240,245,250,253,260,270,270,275,280,280,288,290,300,300,300,300,300,295,290,290,290,295,300,300,300,300,300,300,305,300,305,310,315,328,330,330,330,323,330,330,340,340,345,343,350,350,360,363,370,375,373,380,393,398,400,420,420,420,420,430,430
3043,-,163,165,165,168,173,175,-,-,-,-,-,-,-,-,-,-,193,193,200,205,-,-,-,-,-,210,210,220,220,230,230,233,-,270,268,270,270,273,280,-,-,-,280,268,280,295,295,305,300,300,300,308,305,290,-,298,298,310,310,330,340,350,343,-,-,-,320,320,330,320,340,340,340,340,355,353,350,350,350,350,350,350,350,345,330,365,360,396,380,385,385,403,-,430,440,450
3146,230,245,250,250,250,260,265,270,270,265,270,270,268,268,270,255,260,260,270,290,295,295,290,290,290,295,295,305,330,338,350,350,350,378,373,380,395,390,385,388,385,390,400,420,420,445,440,450,450,450,450,450,450,450,461,460,470,473,480,475,470,473,460,465,480,480,495,495,495,495,500,500,520,540,533,525,525,500,498,500,500,530,530,525,523,500,490,500,500,500,500,510,500,510,510,550,550
3150,175,180,180,185,185,190,190,200,210,218,210,210,210,210,200,200,200,205,218,220,223,230,230,230,240,260,275,285,290,300,300,300,325,320,330,340,345,350,355,360,360,360,365,380,390,390,390,380,370,378,360,350,350,350,350,373,380,390,373,360,365,363,358,350,350,350,378,390,385,395,390,390,395,395,400,410,410,420,425,420,450,440,420,430,390,395,405,395,418,420,425,450,450,480,490,510,523
3046,160,160,160,165,165,165,170,170,170,170,175,175,175,175,178,180,180,180,180,175,180,180,180,185,185,185,195,200,200,210,220,230,250,250,250,260,275,280,280,280,290,290,300,300,300,300,310,310,310,310,300,310,300,310,310,300,300,300,300,310,310,320,330,330,330,330,330,330,340,340,345,350,350,360,360,360,370,370,370,375,380,380,380,380,370,360,360,360,360,360,375,380,395,405,430,440,450
3555,130,130,130,130,130,135,140,140,140,145,145,148,150,150,155,160,160,160,160,160,160,168,166,170,175,180,180,180,180,180,185,183,185,190,190,192,195,195,200,200,210,218,220,220,220,220,228,225,240,250,250,250,250,250,250,260,260,250,250,250,250,250,250,240,240,245,250,260,260,260,255,250,250,250,260,270,270,275,273,273,275,280,280,280,285,295,300,330,350,350,350,350,360,380,370,380,380
3088,175,180,180,180,180,180,190,190,190,190,190,200,200,200,200,200,200,200,200,200,205,210,210,210,210,220,230,230,240,240,250,260,260,260,268,280,280,300,300,300,300,300,305,311,320,320,320,320,320,330,325,327,325,320,323,320,325,330,330,330,330,330,330,330,330,330,330,330,328,330,340,350,360,360,360,360,363,370,368,370,370,370,375,380,380,380,385,390,390,390,395,390,400,400,410,430,440
3216,145,150,145,145,150,150,150,150,155,160,160,160,165,165,165,170,173,180,180,180,188,190,185,190,195,200,210,215,210,215,220,220,235,240,240,245,250,250,250,255,260,270,265,270,280,283,290,290,290,295,295,290,300,290,290,300,300,300,300,300,298,295,300,300,300,300,300,300,310,310,310,310,320,320,330,330,340,330,340,340,340,348,350,360,360,370,370,370,375,380,390,400,400,400,410,420,425
3300,90,98,98,100,100,100,100,100,105,108,110,120,120,120,123,125,130,133,150,150,150,158,170,170,180,190,175,180,180,165,160,163,165,170,180,180,180,185,183,180,185,190,190,200,200,200,200,200,220,215,200,200,198,190,205,200,210,210,215,210,200,200,200,200,210,210,205,210,205,210,210,210,230,225,230,230,230,240,230,240,240,240,245,250,260,260,275,270,270,293,280,290,300,298,300,300,300
3188,245,250,250,260,260,280,280,280,276,270,273,275,280,273,270,270,278,280,283,280,280,285,288,295,295,300,313,323,370,355,400,393,378,400,400,407,425,423,403,445,420,435,450,450,460,460,450,460,450,450,438,455,463,455,455,450,460,455,463,460,468,460,475,475,455,485,478,490,510,498,510,520,500,520,525,500,550,545,530,550,510,500,525,530,550,540,550,500,525,543,550,560,595,600,610,625,650
3976,155,155,153,160,155,158,160,163,165,165,165,170,170,173,175,180,178,183,175,180,180,180,180,185,185,195,220,233,231,238,240,250,250,260,260,260,260,258,260,260,280,285,288,280,280,290,300,300,300,295,300,300,300,300,300,300,300,300,300,300,320,320,320,320,310,320,320,320,320,320,320,320,320,330,320,330,340,340,340,345,350,330,345,340,335,350,350,350,360,368,380,380,390,400,405,420,430
3915,130,130,135,140,140,140,140,140,145,150,150,160,158,160,165,160,165,165,165,170,170,168,170,165,170,170,180,190,195,200,200,200,210,215,215,223,230,230,240,240,250,250,260,265,263,273,280,283,290,283,290,290,290,290,280,280,280,275,283,290,295,310,300,300,300,310,310,310,315,310,310,310,313,335,340,335,335,333,350,360,360,360,370,355,393,398,400,385,390,400,420,450,420,440,440,445,450
3122,255,250,260,270,280,285,283,280,275,280,280,280,295,295,295,300,300,300,300,300,320,340,330,330,340,330,340,350,360,365,388,410,420,425,445,450,443,450,450,450,450,475,475,480,475,470,475,470,495,498,490,485,480,500,500,520,520,523,543,550,550,550,540,530,522,525,530,550,550,563,570,580,600,600,585,585,550,538,548,570,598,600,595,575,573,573,595,583,585,595,583,600,620,650,680,675,675
3123,250,250,260,265,260,273,278,275,280,280,275,280,283,290,280,293,310,300,310,320,300,300,295,295,320,330,330,345,338,360,380,400,400,413,400,420,448,430,438,440,445,450,450,450,430,435,470,470,480,470,465,475,480,490,495,520,520,520,515,500,490,488,500,520,525,530,525,550,550,550,580,580,575,583,590,585,560,550,550,550,590,588,570,565,565,565,565,550,550,555,570,600,608,628,630,638,673
3084,170,173,175,170,180,175,185,190,190,190,190,190,200,200,200,200,200,200,205,210,210,210,210,210,210,215,215,230,230,240,250,250,260,260,268,283,290,290,300,295,300,300,310,310,310,310,310,310,320,320,320,330,328,330,330,330,340,330,330,330,330,340,340,330,330,330,330,335,340,345,350,350,360,370,370,370,360,370,380,380,380,380,388,380,385,380,378,380,380,395,390,393,398,400,423,430,445
3081,170,173,175,170,180,175,185,190,190,190,190,190,200,200,200,200,200,200,205,210,210,210,210,210,210,215,215,230,230,240,250,250,260,260,268,283,290,290,300,295,300,300,310,310,310,310,310,310,320,320,320,330,328,330,330,330,340,330,330,330,330,340,340,330,330,330,330,335,340,345,350,350,360,370,370,370,360,370,380,380,380,380,388,380,385,380,378,380,380,395,390,393,398,400,423,430,445
3218,135,140,140,140,140,145,150,150,160,160,160,160,161,170,170,170,175,175,180,180,185,188,185,190,195,200,200,200,210,220,220,220,220,220,230,230,240,245,250,253,260,270,270,275,280,280,288,290,300,300,300,300,300,295,290,290,290,295,300,300,300,300,300,300,305,300,305,310,315,328,330,330,330,323,330,330,340,340,345,343,350,350,360,363,370,375,373,380,393,398,400,420,420,420,420,430,430
3029,150,150,150,145,150,150,150,153,150,155,159,161,165,165,165,165,165,165,168,170,173,170,173,175,175,190,190,195,195,210,210,220,225,225,233,240,250,250,250,250,250,260,260,260,260,268,270,270,275,270,270,270,265,266,270,270,270,275,280,290,290,290,290,285,290,290,290,295,300,300,300,310,310,310,315,320,325,320,320,320,320,325,325,321,320,320,320,320,320,325,330,330,330,350,360,370,390
3400,110,110,110,120,125,120,120,120,120,120,125,125,130,130,130,140,140,150,145,145,150,145,150,150,150,150,150,150,155,156,158,155,153,155,160,165,160,165,165,165,170,175,178,180,180,180,190,198,180,180,180,180,190,200,218,200,200,218,215,220,220,215,213,200,200,200,200,200,210,215,220,238,250,250,250,250,248,248,250,250,260,268,265,270,265,265,273,280,285,288,290,300,300,320,330,330,330
3099,175,180,180,180,180,180,190,190,190,190,190,200,200,200,200,200,200,200,200,200,205,210,210,210,210,220,230,230,240,240,250,260,260,260,268,280,280,300,300,300,300,300,305,311,320,320,320,320,320,330,325,327,325,320,323,320,325,330,330,330,330,330,330,330,330,330,330,330,328,330,340,350,360,360,360,360,363,370,368,370,370,370,375,380,380,380,385,390,390,390,395,390,400,400,410,430,440
3166,200,210,220,220,240,230,233,223,220,235,230,240,238,230,240,238,240,240,250,250,255,245,250,253,260,280,280,285,300,300,300,315,320,330,340,350,350,350,355,368,375,378,380,385,390,380,385,383,380,390,400,400,400,398,390,390,393,393,393,395,395,409,410,420,420,420,420,410,410,445,440,445,440,420,420,420,438,440,450,455,450,450,450,418,408,440,435,450,460,450,460,490,500,500,525,530,535
3079,210,218,220,225,225,230,230,230,230,230,230,233,240,240,240,240,225,230,240,240,260,260,260,250,245,250,250,268,271,280,280,298,300,320,325,350,360,375,375,365,375,380,365,390,380,380,390,380,400,400,400,420,420,410,420,395,405,430,410,400,400,400,410,430,430,415,450,430,430,450,445,450,435,430,423,425,450,450,460,460,495,500,500,498,490,475,480,470,510,510,510,520,500,540,530,515,570
3079,210,218,220,225,225,230,230,230,230,230,230,233,240,240,240,240,225,230,240,240,260,260,260,250,245,250,250,268,271,280,280,298,300,320,325,350,360,375,375,365,375,380,365,390,380,380,390,380,400,400,400,420,420,410,420,395,405,430,410,400,400,400,410,430,430,415,450,430,430,450,445,450,435,430,423,425,450,450,460,460,495,500,500,498,490,475,480,470,510,510,510,520,500,540,530,515,570
3555,130,130,130,130,130,135,140,140,140,145,145,148,150,150,155,160,160,160,160,160,160,168,166,170,175,180,180,180,180,180,185,183,185,190,190,192,195,195,200,200,210,218,220,220,220,220,228,225,240,250,250,250,250,250,250,260,260,250,250,250,250,250,250,240,240,245,250,260,260,260,255,250,250,250,260,270,270,275,273,273,275,280,280,280,285,295,300,330,350,350,350,350,360,380,370,380,380
3036,-,-,-,-,-,-,-,-,-,-,-,-,-,-,-,-,-,-,-,-,-,-,-,-,210,-,-,-,-,-,-,-,-,-,-,-,-,-,-,-,-,-,-,-,-,-,-,-,-,-,-,-,-,-,-,-,-,-,-,-,-,-,-,-,-,-,-,-,-,-,-,-,-,-,-,-,-,-,-,-,-,-,-,-,-,-,-,-,-,-,-,-,-,-,-,-,-
3033,170,170,170,170,175,173,178,180,190,200,200,200,200,198,200,200,195,195,190,195,200,198,200,200,201,220,220,235,255,260,263,268,275,275,290,290,300,310,315,310,300,300,305,320,330,330,330,320,320,325,330,333,340,340,350,350,350,350,350,350,350,355,370,370,360,360,355,360,360,360,360,380,385,400,400,400,400,390,380,380,390,393,395,393,393,393,385,385,385,380,395,395,420,425,430,450,455
3031,220,220,220,230,240,240,240,240,250,250,250,250,260,260,260,260,260,260,260,260,265,260,268,270,273,280,280,285,290,295,300,320,330,331,350,360,360,363,375,380,388,400,400,400,410,410,410,410,410,420,430,420,440,430,433,450,440,440,443,447,450,450,460,465,470,470,470,475,480,480,480,485,490,500,500,500,500,510,520,520,530,525,525,500,500,500,500,500,500,520,520,510,525,550,563,595,600
3101,243,250,250,260,275,260,268,260,265,260,260,270,270,270,270,270,280,280,300,300,300,300,300,295,295,315,310,340,360,350,360,360,370,380,380,410,420,425,430,400,400,400,420,430,445,450,450,450,450,440,448,475,475,475,468,465,460,478,500,490,495,498,500,520,520,525,498,510,530,530,530,520,510,520,520,520,520,505,510,500,508,500,510,520,510,520,510,500,550,543,543,540,533,575,600,600,620
3075,150,153,153,150,150,155,160,161,161,165,165,165,165,165,165,170,170,170,170,170,170,170,175,180,185,185,193,200,200,200,209,220,220,220,230,230,240,250,260,260,265,260,262,256,259,278,293,295,290,288,288,300,300,300,290,280,290,290,300,300,300,310,310,310,310,310,320,320,320,323,330,330,335,335,340,345,355,345,345,345,340,350,345,350,340,345,340,340,350,350,350,355,360,370,380,395,420
3212,-,140,150,150,150,155,158,-,150,153,160,158,165,163,160,170,175,175,180,193,195,200,200,200,200,200,200,200,210,210,215,218,218,235,250,243,238,230,235,230,250,250,260,260,266,265,285,270,270,270,270,275,293,298,295,293,290,280,280,273,280,280,288,288,-,290,295,300,300,298,290,290,300,300,300,305,310,310,320,330,340,330,328,325,320,330,340,340,350,350,350,-,-,-,-,385,395
3140,160,160,165,165,170,170,170,170,170,170,175,175,175,176,175,176,180,180,185,185,190,190,190,190,195,200,210,213,220,220,230,230,240,248,250,258,260,260,270,280,280,295,300,300,300,300,300,300,300,310,315,315,315,320,320,330,330,325,325,330,330,335,335,335,340,340,340,345,345,350,350,360,360,365,370,370,375,370,370,370,370,375,380,380,380,380,380,390,390,390,400,400,410,425,430,440,450
3860,100,100,100,103,110,110,113,120,115,120,120,120,120,120,125,125,130,130,130,135,135,140,140,140,145,145,150,150,150,160,170,170,170,180,178,180,180,180,190,190,190,190,200,210,215,215,220,210,220,220,220,220,225,228,225,228,220,223,230,230,235,230,230,235,230,235,230,230,235,240,240,240,240,248,240,245,245,250,250,255,260,250,260,260,273,280,290,300,320,320,330,350,360,360,360,375,385
3144,295,270,275,280,280,280,285,295,300,300,323,330,330,330,350,350,370,350,345,340,365,380,378,370,350,365,370,390,420,430,433,430,440,435,440,501,458,475,475,470,480,500,500,500,545,550,525,550,563,575,578,560,525,518,518,545,555,570,560,560,575,563,575,575,580,583,585,595,600,645,615,600,650,630,630,673,640,650,640,625,638,638,650,665,675,630,638,575,615,613,590,650,638,673,725,700,713
3145,240,245,240,250,250,250,250,250,250,240,243,245,255,260,260,260,260,265,275,270,270,270,273,275,290,290,300,300,300,310,310,345,350,350,360,373,390,385,400,400,400,400,410,420,420,415,410,423,450,460,450,455,450,440,450,450,440,450,450,450,450,450,475,460,450,450,450,460,460,460,473,463,460,470,475,500,500,510,508,525,540,530,500,510,470,510,520,498,500,498,480,505,550,575,595,595,623
3337,135,135,140,138,138,138,140,143,148,150,150,160,-,160,160,160,160,168,160,160,160,155,160,160,175,178,180,180,180,180,190,198,200,210,210,220,220,215,220,215,220,225,230,240,238,235,240,237,240,240,240,240,240,240,240,240,245,245,250,250,250,250,260,270,265,265,260,260,260,260,260,260,270,270,275,285,290,298,300,295,290,290,290,290,295,295,295,295,290,288,290,300,310,315,323,330,348
3194,200,200,201,205,215,220,215,200,200,220,220,220,230,228,238,240,240,240,240,245,243,250,250,250,250,255,280,285,290,290,300,300,300,305,310,325,349,350,358,350,350,350,350,365,370,378,370,380,380,390,400,400,400,400,400,400,400,400,397,385,383,385,400,420,420,430,428,420,430,430,435,430,440,450,433,433,450,443,460,480,480,450,450,450,450,455,480,493,485,505,500,510,510,515,550,550,573
3206,300,310,320,320,335,335,340,345,350,350,330,330,340,340,350,350,350,350,345,350,350,350,360,360,375,375,378,388,390,415,415,410,400,420,430,450,475,480,500,510,520,521,521,531,550,545,550,550,550,565,550,550,555,555,575,590,593,588,585,563,595,595,600,645,630,640,650,648,650,650,650,660,665,670,675,678,678,683,680,675,680,673,670,650,650,625,625,650,650,650,650,650,650,680,700,720,738
3500,135,135,140,135,135,135,138,143,150,145,145,145,150,150,155,155,158,160,160,165,170,170,170,170,170,170,170,175,185,185,185,180,180,180,180,185,185,185,185,185,185,190,190,190,190,190,198,200,215,213,215,215,210,220,220,220,220,220,220,230,230,230,240,240,230,235,233,238,240,245,250,250,250,250,250,260,260,265,270,265,270,265,270,280,275,280,283,280,290,300,300,318,320,328,330,335,335
3082,173,173,170,170,175,175,185,185,185,188,190,185,186,185,185,190,190,190,195,200,200,200,200,200,200,201,210,218,220,225,230,230,230,245,250,270,273,280,280,280,290,295,290,300,300,300,300,300,300,300,300,300,300,300,300,300,300,300,300,310,310,310,310,310,315,320,320,315,315,320,320,330,333,335,340,340,340,340,345,345,350,350,350,350,350,350,350,350,350,350,360,360,370,380,395,420,430
3132,175,180,180,180,180,180,185,190,190,190,200,200,195,195,190,190,190,210,215,220,220,220,220,220,230,233,235,240,230,240,250,263,273,280,295,300,300,300,300,300,300,300,310,320,320,320,320,318,330,330,330,330,330,340,350,350,350,350,360,353,363,370,365,370,370,370,370,370,380,380,380,385,385,383,388,383,390,390,400,400,400,400,400,400,400,410,400,400,400,400,408,413,420,428,430,450,480
3825,90,90,90,90,90,90,90,90,95,95,95,100,100,100,100,100,105,105,110,113,110,110,115,115,115,120,123,120,120,125,125,125,125,125,130,130,140,140,140,150,150,153,160,160,163,165,168,165,170,170,170,170,180,175,175,180,180,180,180,180,185,185,185,185,185,180,180,193,195,195,190,195,195,198,200,200,210,220,220,235,250,250,250,240,235,240,253,270,275,280,290,300,300,310,300,310,320
3127,233,240,240,240,240,250,250,251,250,250,250,250,255,250,250,250,250,260,270,260,260,260,255,260,270,280,300,298,280,300,300,300,345,358,370,380,385,405,393,385,385,358,385,400,400,395,393,380,395,398,400,440,420,422,420,420,423,425,450,450,425,423,420,420,423,420,430,430,445,475,445,450,450,420,468,475,500,480,450,450,465,485,460,440,443,450,475,470,450,465,450,460,465,460,500,525,592
3094,185,185,185,190,190,190,190,195,190,195,190,190,195,193,195,200,200,203,210,210,205,220,225,229,235,233,235,235,230,250,250,250,250,250,260,255,265,270,290,300,300,300,310,320,320,330,330,335,350,340,340,340,330,340,330,331,340,343,350,350,350,353,355,355,350,350,350,350,360,355,400,410,410,420,400,400,400,400,400,385,400,400,400,400,400,400,420,410,430,420,410,420,425,430,430,445,460
3039,210,210,210,220,220,225,230,230,230,230,230,240,240,240,240,240,250,250,250,250,250,250,250,250,250,260,265,270,275,290,300,308,320,330,350,350,350,350,350,361,370,380,390,390,390,400,400,400,400,400,400,400,400,403,405,400,399,400,410,420,423,428,430,440,450,450,450,440,450,450,460,470,483,490,500,490,490,495,490,495,495,485,488,480,480,495,500,500,500,500,500,510,515,525,550,560,598
3195,200,200,201,205,215,220,215,200,200,220,220,220,230,228,238,240,240,240,240,245,243,250,250,250,250,255,280,285,290,290,300,300,300,305,310,325,349,350,358,350,350,350,350,365,370,378,370,380,380,390,400,400,400,400,400,400,400,400,397,385,383,385,400,420,420,430,428,420,430,430,435,430,440,450,433,433,450,443,460,480,480,450,450,450,450,455,480,493,485,505,500,510,510,515,550,550,573
3931,161,160,165,165,168,180,180,185,185,190,195,195,190,190,195,200,200,205,200,200,215,220,220,220,220,210,220,225,230,240,250,250,250,265,270,270,280,280,285,290,290,295,320,320,325,330,320,330,330,330,320,320,310,310,325,330,340,350,345,350,340,340,350,350,353,353,350,350,360,360,395,370,390,390,395,420,415,445,425,420,420,415,420,436,450,470,460,460,460,460,483,471,496,500,500,523,550
3840,85,85,85,90,90,90,90,90,95,95,100,100,105,105,108,110,110,110,115,115,120,120,120,120,118,120,120,120,125,125,125,130,130,130,130,130,135,140,140,145,145,150,150,160,160,160,165,165,165,165,165,165,170,170,173,180,178,173,170,170,175,180,180,190,185,180,185,180,180,190,190,190,194,190,190,190,190,190,200,205,200,210,210,213,225,230,240,250,260,270,280,290,290,300,300,300,300
3350,125,130,130,130,130,130,130,135,140,140,150,150,150,150,155,155,160,160,160,165,165,165,165,165,170,170,170,180,175,180,180,175,175,180,183,185,195,200,200,200,195,190,190,200,220,220,220,220,240,238,240,240,240,245,250,250,250,250,250,250,250,250,240,240,255,258,263,260,263,240,230,240,238,245,265,280,283,290,283,260,-,240,260,260,275,300,325,323,323,323,320,-,-,-,-,-,350
3930,161,160,165,165,168,180,180,185,185,190,195,195,190,190,195,200,200,205,200,200,215,220,220,220,220,210,220,225,230,240,250,250,250,265,270,270,280,280,285,290,290,295,320,320,325,330,320,330,330,330,320,320,310,310,325,330,340,350,345,350,340,340,350,350,353,353,350,350,360,360,395,370,390,390,395,420,415,445,425,420,420,415,420,436,450,470,460,460,460,460,483,471,496,500,500,523,550
3934,161,160,165,165,168,180,180,185,185,190,195,195,190,190,195,200,200,205,200,200,215,220,220,220,220,210,220,225,230,240,250,250,250,265,270,270,280,280,285,290,290,295,320,320,325,330,320,330,330,330,320,320,310,310,325,330,340,350,345,350,340,340,350,350,353,353,350,350,360,360,395,370,390,390,395,420,415,445,425,420,420,415,420,436,450,470,460,460,460,460,483,471,496,500,500,523,550
3149,185,188,195,200,200,200,200,200,195,195,190,190,200,200,208,200,210,210,215,220,220,225,228,230,240,250,253,250,258,270,280,293,295,300,300,300,318,320,320,335,340,340,350,345,350,353,355,350,350,350,350,358,365,368,372,360,360,370,370,382,378,365,370,378,375,380,380,380,380,393,400,393,395,385,395,400,410,415,400,408,408,401,420,423,401,400,400,400,403,405,405,425,448,461,462,500,550
3170,175,180,180,185,185,190,190,200,210,218,210,210,210,210,200,200,200,205,218,220,223,230,230,230,240,260,275,285,290,300,300,300,325,320,330,340,345,350,355,360,360,360,365,380,390,390,390,380,370,378,360,350,350,350,350,373,380,390,373,360,365,363,358,350,350,350,378,390,385,395,390,390,395,395,400,410,410,420,425,420,450,440,420,430,390,395,405,395,418,420,425,450,450,480,490,510,523
3163,200,210,220,220,240,230,233,223,220,235,230,240,238,230,240,238,240,240,250,250,255,245,250,253,260,280,280,285,300,300,300,315,320,330,340,350,350,350,355,368,375,378,380,385,390,380,385,383,380,390,400,400,400,398,390,390,393,393,393,395,395,409,410,420,420,420,420,410,410,445,440,445,440,420,420,420,438,440,450,455,450,450,450,418,408,440,435,450,460,450,460,490,500,500,525,530,535
3805,155,155,153,160,155,158,160,163,165,165,165,170,170,173,175,180,178,183,175,180,180,180,180,185,185,195,220,233,231,238,240,250,250,260,260,260,260,258,260,260,280,285,288,280,280,290,300,300,300,295,300,300,300,300,300,300,300,300,300,300,320,320,320,320,310,320,320,320,320,320,320,320,320,330,320,330,340,340,340,345,350,330,345,340,335,350,350,350,360,368,380,380,390,400,405,420,430
3825,90,90,90,90,90,90,90,90,95,95,95,100,100,100,100,100,105,105,110,113,110,110,115,115,115,120,123,120,120,125,125,125,125,125,130,130,140,140,140,150,150,153,160,160,163,165,168,165,170,170,170,170,180,175,175,180,180,180,180,180,185,185,185,185,185,180,180,193,195,195,190,195,195,198,200,200,210,220,220,235,250,250,250,240,235,240,253,270,275,280,290,300,300,310,300,310,320
3219,140,145,145,145,150,145,150,150,150,155,160,160,160,165,165,165,170,170,175,180,180,180,180,180,185,185,190,195,195,200,200,210,215,220,220,231,240,240,248,250,250,250,250,260,260,270,280,280,280,280,285,290,290,285,280,280,280,290,290,295,290,290,290,290,295,300,300,300,300,300,300,300,310,310,320,320,320,323,320,330,330,335,340,350,353,350,360,370,375,395,400,410,410,420,420,420,420
3015,190,190,185,190,190,200,210,210,218,210,203,205,200,205,210,210,220,220,220,225,230,225,230,230,235,250,265,280,283,280,300,280,293,300,310,320,325,350,348,323,323,325,350,350,363,360,380,380,380,380,380,370,370,378,395,400,400,395,390,390,400,400,420,417,420,420,415,425,435,440,450,450,450,450,450,450,450,450,450,450,465,465,465,460,450,450,450,440,440,450,440,450,460,470,490,508,525
3220,145,145,150,153,155,157,160,160,160,160,170,170,170,170,175,180,180,180,180,185,190,190,195,195,195,200,200,213,220,220,220,223,230,238,240,250,250,250,250,255,270,275,280,280,270,273,278,293,305,300,300,300,300,300,300,308,300,300,300,300,310,330,330,328,330,325,330,335,350,350,350,330,330,328,325,350,350,360,360,350,355,360,375,385,400,398,400,400,400,425,430,430,430,455,445,450,470
3174,140,140,140,145,145,150,150,150,150,150,153,155,155,160,155,155,158,160,160,160,165,165,165,170,175,190,190,190,190,185,195,200,230,231,240,240,250,250,250,259,255,260,270,270,280,290,285,300,290,283,295,300,300,300,300,293,293,295,293,300,300,320,320,323,320,320,318,310,315,320,330,330,333,330,330,330,335,340,330,335,330,345,365,355,350,350,345,350,360,373,380,395,395,400,415,430,450
3550,125,125,125,125,128,130,130,135,135,140,140,140,140,140,145,150,150,150,156,150,160,160,165,165,170,170,168,170,180,180,193,200,200,200,200,200,200,195,200,200,200,210,205,205,220,215,230,230,230,240,245,250,250,250,250,250,250,250,250,250,240,240,240,240,240,240,245,245,250,250,250,250,250,260,255,260,260,260,265,270,273,280,280,278,290,300,300,320,330,340,340,340,350,360,365,370,370
3215,130,133,135,135,140,140,140,145,148,150,150,155,160,160,160,160,160,165,170,170,170,170,170,180,180,180,188,190,190,195,198,200,200,200,200,200,210,213,220,220,230,240,250,255,260,260,260,270,280,280,280,280,278,278,275,275,277,277,285,285,283,280,290,280,280,280,275,280,280,280,300,300,308,310,310,320,320,320,320,340,330,340,340,340,340,350,350,350,370,370,375,380,390,395,420,420,415
3051,230,240,240,250,260,260,260,260,265,270,270,275,273,275,273,270,280,270,280,280,285,290,290,295,295,308,310,310,310,320,350,350,360,385,415,420,420,420,420,420,420,420,420,450,450,475,470,480,470,460,470,470,490,475,460,475,450,485,486,478,485,473,485,490,490,500,495,495,500,510,550,550,550,550,540,550,550,570,575,575,575,573,550,550,518,505,515,520,520,540,540,540,550,550,590,600,620
3070,210,220,220,220,230,230,230,240,245,250,250,250,250,255,260,260,260,260,260,263,270,273,275,280,275,280,285,300,308,320,328,350,351,375,380,390,393,396,410,420,423,440,440,440,450,450,450,450,460,450,470,480,480,490,485,488,485,485,500,498,500,515,530,530,520,520,510,523,545,550,555,555,570,570,570,565,565,570,580,580,590,593,600,598,583,580,580,580,595,600,600,600,610,640,650,650,693
3131,175,180,180,180,180,180,185,190,190,190,200,200,195,195,190,190,190,210,215,220,220,220,220,220,230,233,235,240,230,240,250,263,273,280,295,300,300,300,300,300,300,300,310,320,320,320,320,318,330,330,330,330,330,340,350,350,350,350,360,353,363,370,365,370,370,370,370,370,380,380,380,385,385,383,388,383,390,390,400,400,400,400,400,400,400,410,400,400,400,400,408,413,420,428,430,450,480
3046,160,160,160,165,165,165,170,170,170,170,175,175,175,175,178,180,180,180,180,175,180,180,180,185,185,185,195,200,200,210,220,230,250,250,250,260,275,280,280,280,290,290,300,300,300,300,310,310,310,310,300,310,300,310,310,300,300,300,300,310,310,320,330,330,330,330,330,330,340,340,345,350,350,360,360,360,370,370,370,375,380,380,380,380,370,360,360,360,360,360,375,380,395,405,430,440,450
3166,185,185,190,190,190,195,195,200,200,200,200,210,210,215,210,210,210,210,220,220,220,220,225,230,228,240,240,250,253,258,270,275,280,281,290,300,320,320,320,330,330,330,340,340,340,340,340,350,350,350,349,340,349,347,350,353,360,365,360,360,375,370,380,385,380,390,376,375,380,380,390,400,400,410,410,410,410,420,420,420,420,410,398,400,390,398,400,400,400,410,420,430,430,440,450,495,533
3226,135,138,138,135,140,140,145,150,150,150,145,150,150,155,165,170,170,173,168,170,175,168,175,175,183,190,200,200,200,200,200,200,220,235,250,255,265,260,260,268,268,280,280,280,285,285,295,300,298,295,295,298,298,293,288,300,300,300,300,300,310,323,315,320,310,315,323,300,315,315,335,343,345,350,350,350,353,370,370,370,370,360,360,373,378,445,455,455,455,485,460,475,460,450,440,435,450
3810,130,135,135,135,140,140,140,145,145,150,150,150,153,150,150,155,158,160,161,160,168,170,175,180,175,180,185,185,185,190,190,205,215,220,220,230,240,245,245,240,240,240,250,260,260,260,270,280,280,290,290,290,290,290,280,280,280,280,290,280,290,290,298,300,300,300,290,290,290,290,300,300,300,300,300,310,313,320,320,320,320,320,320,320,325,330,333,330,340,340,360,365,380,390,393,400,420
3195,200,200,201,205,215,220,215,200,200,220,220,220,230,228,238,240,240,240,240,245,243,250,250,250,250,255,280,285,290,290,300,300,300,305,310,325,349,350,358,350,350,350,350,365,370,378,370,380,380,390,400,400,400,400,400,400,400,400,397,385,383,385,400,420,420,430,428,420,430,430,435,430,440,450,433,433,450,443,460,480,480,450,450,450,450,455,480,493,485,505,500,510,510,515,550,550,573
3052,250,253,250,250,255,260,270,273,275,278,280,280,285,293,280,285,300,300,300,300,300,300,300,310,313,315,315,318,320,335,365,370,388,395,395,380,390,385,385,400,430,435,435,450,450,465,465,473,480,495,490,490,493,500,500,520,503,490,495,488,490,520,533,550,550,538,500,500,500,500,520,540,550,540,550,555,590,595,600,600,600,600,593,560,550,560,570,560,560,550,550,565,585,590,600,630,650
3044,170,170,170,170,175,180,180,180,185,185,190,185,190,190,190,195,200,200,200,200,200,200,200,200,210,210,220,220,220,230,250,250,260,270,270,300,300,300,300,300,300,300,320,320,320,330,330,330,330,330,325,330,330,330,330,330,335,350,350,350,350,350,350,360,365,363,375,365,380,380,380,398,400,400,400,420,400,410,400,400,405,400,400,400,400,400,400,400,400,410,420,420,425,440,450,470,480
3044,180,185,185,185,185,185,190,190,200,200,200,200,200,200,210,210,210,213,210,215,220,220,220,220,225,225,230,240,250,260,265,275,280,290,300,300,320,328,330,330,340,340,350,350,350,350,360,360,360,365,360,360,370,370,380,380,380,390,390,395,395,400,400,400,400,400,410,420,420,425,425,440,440,450,450,450,450,450,460,460,470,465,470,470,470,460,460,467,470,470,470,470,480,500,500,530,550
3207,275,280,280,285,285,300,300,300,300,300,295,295,300,310,310,310,310,310,320,328,330,330,340,335,340,350,350,360,365,380,400,400,420,430,430,450,450,450,450,450,460,473,475,490,500,500,530,533,535,550,550,550,550,540,550,545,550,547,530,530,540,520,523,530,533,550,560,560,575,575,578,600,600,600,600,600,595,600,610,620,625,600,580,580,575,585,580,580,600,598,595,600,600,625,650,650,670
3305,100,100,100,100,100,100,110,120,120,120,125,125,130,130,140,143,140,143,140,149,150,150,150,160,160,160,170,175,180,180,180,180,185,180,195,200,183,195,180,180,183,180,185,195,208,203,200,200,200,200,200,205,200,210,210,210,210,200,210,200,210,210,210,210,220,228,225,223,210,200,200,200,220,220,230,238,250,255,260,260,280,285,285,300,300,325,340,340,340,320,320,350,350,350,350,360,365
3944,125,130,130,130,135,140,140,145,145,150,150,150,150,150,155,155,155,160,155,160,160,160,160,160,165,165,165,165,166,170,175,180,185,195,200,205,210,215,220,220,225,230,240,245,250,250,255,255,260,260,260,260,260,260,260,260,266,270,270,275,275,275,275,280,280,285,290,290,300,300,310,310,310,318,320,320,320,320,320,320,325,330,330,330,345,350,375,385,400,400,420,420,440,450,450,450,450
3181,270,280,280,280,280,280,290,290,295,300,295,300,300,300,300,305,310,310,310,320,320,320,330,330,340,340,350,360,375,380,393,393,400,405,418,420,430,440,445,450,460,468,485,495,498,520,520,504,520,515,520,520,525,525,530,550,545,550,550,550,550,550,575,560,550,560,563,590,590,595,597,600,620,620,625,620,625,620,630,630,630,635,630,620,600,600,600,618,620,625,625,650,650,675,700,700,725
3072,170,175,178,180,180,180,185,185,190,192,190,195,195,195,200,200,200,200,200,200,206,210,215,220,220,220,220,230,230,240,250,260,270,280,300,300,320,320,320,320,320,330,340,350,350,350,340,350,353,360,360,360,360,360,369,360,375,375,380,380,380,373,380,390,393,400,400,400,400,400,410,420,420,430,430,435,440,450,450,440,450,437,450,450,450,450,450,440,443,450,450,450,470,480,500,520,550
3095,185,185,185,190,190,190,190,195,190,195,190,190,195,193,195,200,200,203,210,210,205,220,225,229,235,233,235,235,230,250,250,250,250,250,260,255,265,270,290,300,300,300,310,320,320,330,330,335,350,340,340,340,330,340,330,331,340,343,350,350,350,353,355,355,350,350,350,350,360,355,400,410,410,420,400,400,400,400,400,385,400,400,400,400,400,400,420,410,430,420,410,420,425,430,430,445,460
3073,160,160,161,165,165,165,170,170,170,170,175,175,175,175,180,180,180,180,180,180,180,185,190,190,190,200,200,200,210,210,220,230,240,240,258,265,271,280,280,285,290,290,300,300,300,300,300,300,310,310,310,310,300,300,305,310,310,311,315,320,320,320,320,320,330,330,330,335,340,340,340,350,350,360,360,360,360,360,370,370,370,380,375,380,380,370,370,365,350,360,365,370,390,400,410,425,440
3121,253,260,260,265,275,280,280,285,290,290,295,295,295,300,300,300,310,320,320,320,315,320,320,320,330,330,340,350,350,360,375,380,390,400,415,425,435,450,450,450,450,458,460,470,480,488,500,520,520,525,520,520,520,530,530,520,530,545,550,550,565,560,550,560,560,570,580,590,585,590,595,600,600,600,600,600,600,620,620,625,625,618,600,600,600,600,600,600,600,615,618,623,630,640,670,680,700
3134,160,160,165,165,165,165,170,175,175,180,180,180,180,180,180,185,190,190,193,198,200,200,203,205,210,215,220,228,230,230,230,240,250,260,270,280,280,285,285,290,290,295,300,300,300,310,310,310,310,310,320,315,315,320,320,320,328,330,330,330,328,330,330,340,350,350,350,350,360,360,365,370,360,360,370,370,380,380,380,380,370,373,378,380,380,383,385,390,400,400,400,400,410,430,445,455,460
3178,-,-,-,-,205,-,-,200,200,-,-,-,-,-,-,-,-,-,-,-,-,-,-,-,-,310,280,280,285,290,293,295,305,295,-,-,330,-,-,-,-,-,-,-,-,-,-,-,-,-,-,-,-,-,-,-,-,-,-,-,-,-,-,-,-,-,-,-,-,-,-,-,-,-,-,-,-,-,-,-,-,-,-,-,-,-,-,400,405,-,-,-,-,-,-,-,-
3064,145,145,150,150,155,155,155,158,160,160,160,165,165,170,171,170,173,170,180,170,170,170,170,170,180,185,190,200,200,200,200,200,220,225,250,250,250,260,270,273,275,280,290,280,290,290,285,290,285,285,293,290,295,295,295,295,295,298,300,300,300,300,300,298,300,300,300,300,310,320,320,320,325,334,340,350,350,350,350,345,345,350,350,350,350,345,330,330,330,335,340,340,360,380,390,400,420
3850,100,100,100,103,110,110,113,120,115,120,120,120,120,120,125,125,130,130,130,135,135,140,140,140,145,145,150,150,150,160,170,170,170,180,178,180,180,180,190,190,190,190,200,210,215,215,220,210,220,220,220,220,225,228,225,228,220,223,230,230,235,230,230,235,230,235,230,230,235,240,240,240,240,248,240,245,245,250,250,255,260,250,260,260,273,280,290,300,320,320,330,350,360,360,360,375,385
3179,-,183,190,190,200,193,190,190,170,170,165,165,-,-,-,196,200,188,190,195,210,210,205,190,190,220,230,255,260,265,260,258,258,300,320,320,320,310,310,295,295,310,340,350,345,340,335,339,340,339,340,350,335,338,355,348,373,365,360,370,368,365,368,360,358,358,358,350,350,375,380,390,390,393,388,388,400,390,393,398,370,400,393,385,400,400,400,420,420,420,415,410,400,418,440,460,480
3198,145,146,150,148,150,150,150,153,155,160,160,165,160,165,165,170,170,180,185,185,190,185,180,183,180,190,203,205,210,215,220,220,220,221,230,245,256,251,260,250,250,265,265,270,270,280,285,290,300,290,290,290,290,290,290,293,300,300,300,300,300,300,304,305,300,310,310,320,320,325,330,330,340,335,330,330,330,330,340,340,340,350,350,350,350,350,365,370,385,390,395,400,400,410,420,430,450
3356,116,120,123,125,125,125,135,135,135,135,140,140,145,140,138,150,150,155,163,160,168,165,165,165,165,165,165,165,165,175,178,180,176,176,180,180,183,185,185,190,185,190,197,200,210,220,220,225,230,230,230,230,230,230,230,235,240,240,240,240,240,240,240,235,240,238,240,240,240,240,245,240,250,250,250,260,260,260,260,270,274,275,275,273,270,275,280,285,288,300,300,310,320,320,320,325,340
3011,185,190,190,190,195,195,200,200,210,210,215,218,215,220,220,220,220,220,230,230,230,230,230,230,230,240,245,250,265,270,280,290,300,320,330,330,335,340,340,350,350,360,361,361,370,370,375,380,380,385,390,390,390,400,400,418,420,420,430,440,430,440,440,440,445,450,450,450,460,460,465,470,470,475,480,480,495,500,500,500,503,500,500,500,495,495,500,500,500,500,500,500,510,520,525,550,590
3660,110,115,125,123,128,125,130,133,125,125,128,130,135,133,133,130,130,130,130,130,138,143,140,140,145,143,150,155,160,165,158,155,155,160,165,165,175,160,160,160,168,175,180,185,185,190,200,210,200,200,200,200,220,220,210,215,220,220,220,220,220,220,220,225,245,235,240,240,250,260,260,260,260,260,-,260,265,270,270,285,260,275,260,-,300,300,300,310,350,350,355,360,360,370,378,368,375
3630,140,140,135,140,140,140,140,145,150,150,150,155,160,160,160,155,155,155,158,160,160,160,165,165,170,170,170,175,180,180,180,180,175,175,180,180,183,190,190,190,190,200,200,200,200,200,200,200,200,210,210,220,220,220,220,220,230,225,230,230,220,230,230,240,240,240,240,250,250,250,250,245,248,250,250,250,250,250,250,260,270,270,270,270,270,275,280,290,283,300,300,300,320,320,325,340,350
3205,275,275,275,280,285,290,295,300,300,300,300,300,300,320,323,325,320,318,320,330,330,330,320,320,330,330,350,350,373,380,390,400,400,425,438,440,440,448,445,450,475,480,485,520,520,523,545,505,510,523,523,525,528,520,520,530,530,550,560,550,550,550,550,550,560,575,580,580,570,550,550,575,600,600,600,598,600,600,605,620,618,630,625,580,578,550,560,583,595,600,600,600,600,653,690,698,718
3141,300,300,300,300,300,310,310,310,320,325,325,330,330,335,350,350,350,343,333,335,340,340,347,350,350,350,370,395,400,400,425,425,440,460,475,480,483,493,495,495,495,493,493,520,500,520,520,520,545,540,550,575,550,550,550,560,570,590,595,580,600,585,600,600,600,600,600,600,625,645,650,640,650,620,640,650,650,650,670,670,670,658,640,618,610,620,610,645,650,650,680,680,690,700,715,723,736
3006,-,-,-,-,-,-,-,-,-,-,-,-,-,-,-,-,-,-,-,-,-,-,-,-,-,-,-,-,-,-,-,-,-,-,-,-,-,-,-,-,-,-,-,-,-,-,-,-,-,-,-,-,-,-,-,-,-,-,-,-,-,-,-,-,-,-,-,-,-,-,-,-,-,-,-,-,-,-,-,-,-,-,-,-,-,-,-,-,-,-,-,-,-,-,-,-,-
3015,190,190,185,190,190,200,210,210,218,210,203,205,200,205,210,210,220,220,220,225,230,225,230,230,235,250,265,280,283,280,300,280,293,300,310,320,325,350,348,323,323,325,350,350,363,360,380,380,380,380,380,370,370,378,395,400,400,395,390,390,400,400,420,417,420,420,415,425,435,440,450,450,450,450,450,450,450,450,450,450,465,465,465,460,450,450,450,440,440,450,440,450,460,470,490,508,525
3171,140,140,140,145,148,150,149,155,155,155,155,155,155,158,160,160,165,165,165,165,166,166,168,170,170,175,180,181,188,190,190,200,220,220,235,250,250,250,250,260,270,290,280,290,295,290,300,300,300,300,295,298,280,280,290,290,293,310,310,319,315,320,320,320,320,320,320,323,340,360,350,340,340,340,350,360,358,360,353,363,368,373,373,355,365,346,370,390,380,390,390,385,400,400,430,449,480
3021,140,145,140,140,140,140,145,145,150,150,155,150,150,150,150,155,155,155,150,150,153,153,155,155,160,165,172,172,175,178,180,190,190,200,200,210,230,240,240,240,240,248,250,260,265,270,270,260,260,265,270,270,270,265,265,265,269,270,280,280,280,280,280,280,290,290,290,290,295,300,310,310,320,320,320,320,330,328,330,335,330,340,330,330,330,320,320,320,320,330,330,338,350,363,370,380,380
3182,250,270,275,280,290,300,300,300,300,310,320,320,320,320,320,320,320,325,328,330,330,325,330,350,360,360,363,365,370,390,415,428,430,430,430,450,458,460,460,460,470,470,490,495,520,525,530,530,530,525,528,525,530,530,535,530,530,550,530,550,550,570,575,580,578,575,575,575,575,580,590,600,590,590,590,590,597,600,588,590,600,618,640,600,590,575,578,585,590,593,600,600,620,650,678,695,700
3183,255,263,270,268,263,270,280,280,295,290,295,300,293,293,285,288,295,300,300,308,300,300,300,293,300,330,340,360,365,378,395,395,400,405,420,420,450,470,470,465,450,480,485,490,495,495,500,510,523,525,525,550,525,535,550,548,550,563,550,550,550,550,555,570,550,550,550,550,570,570,580,580,575,600,595,595,600,595,615,615,620,600,585,565,555,570,568,565,585,595,618,625,640,668,695,700,695
3004,-,-,-,-,-,-,-,-,-,-,-,-,-,-,-,-,-,-,-,-,-,-,-,-,-,-,-,-,-,-,-,-,-,-,-,-,-,-,-,-,-,-,-,-,-,-,-,-,-,-,-,-,-,-,-,-,-,-,-,-,-,-,-,-,-,-,-,-,-,-,-,-,-,-,-,-,-,-,-,-,-,-,-,-,-,-,-,-,-,-,-,-,-,-,-,-,-
3182,300,310,320,320,335,335,340,345,350,350,330,330,340,340,350,350,350,350,345,350,350,350,360,360,375,375,378,388,390,415,415,410,400,420,430,450,475,480,500,510,520,521,521,531,550,545,550,550,550,565,550,550,555,555,575,590,593,588,585,563,595,595,600,645,630,640,650,648,650,650,650,660,665,670,675,678,678,683,680,675,680,673,670,650,650,625,625,650,650,650,650,650,650,680,700,720,738
3429,153,150,150,150,150,163,170,170,165,165,165,165,168,170,175,175,190,195,193,195,195,195,185,180,183,190,195,195,190,193,200,210,210,210,220,235,250,240,240,240,240,250,245,255,263,258,270,268,265,265,265,265,265,265,280,280,285,288,290,300,300,300,310,310,310,303,300,300,298,300,315,315,320,315,320,335,333,340,340,340,340,340,350,350,350,350,350,350,360,360,353,350,350,360,375,378,400
3020,140,145,150,150,150,150,150,150,150,155,160,160,160,165,165,165,162,165,165,165,165,165,165,165,165,175,180,180,180,185,185,200,200,220,230,236,250,250,260,260,270,260,263,266,270,270,265,265,265,270,270,275,280,275,280,280,280,280,280,280,290,290,290,290,297,298,300,300,300,310,320,320,320,320,320,330,340,340,340,343,350,350,350,340,346,350,350,350,350,350,350,350,350,370,388,395,400
3127,233,240,240,240,240,250,250,251,250,250,250,250,255,250,250,250,250,260,270,260,260,260,255,260,270,280,300,298,280,300,300,300,345,358,370,380,385,405,393,385,385,358,385,400,400,395,393,380,395,398,400,440,420,422,420,420,423,425,450,450,425,423,420,420,423,420,430,430,445,475,445,450,450,420,468,475,500,480,450,450,465,485,460,440,443,450,475,470,450,465,450,460,465,460,500,525,592
3585,120,123,130,130,130,125,125,125,130,138,140,140,140,140,140,140,140,145,145,150,155,155,160,160,165,170,150,158,165,165,165,170,160,168,168,168,185,188,190,195,195,190,190,190,190,195,190,180,188,190,190,200,200,200,210,210,210,211,210,220,215,210,230,220,220,225,215,220,220,223,225,225,220,220,220,225,243,245,245,241,260,260,270,280,270,270,280,280,285,290,300,300,290,310,300,310,330
3037,-,-,-,-,-,-,-,-,-,185,185,190,190,190,190,-,213,218,213,215,213,210,210,200,199,200,215,220,228,230,230,238,240,250,260,270,280,270,270,270,280,288,285,285,290,298,300,310,310,300,300,300,310,310,320,320,320,325,323,330,325,330,330,330,330,330,330,328,330,340,340,343,340,330,350,350,350,350,360,350,360,350,350,360,360,378,370,370,365,370,370,370,380,390,395,400,400
3106,183,185,195,200,200,210,210,210,205,200,205,210,210,210,205,210,218,220,220,220,230,230,230,230,228,250,253,260,266,270,290,300,320,300,320,318,313,320,320,320,345,338,345,350,350,360,373,385,393,390,385,370,360,360,360,350,365,365,353,370,375,363,363,355,360,368,380,380,400,400,400,410,400,398,395,395,400,418,420,400,410,393,398,420,420,420,420,430,425,428,428,425,430,450,460,480,483
3074,150,153,153,150,150,155,160,161,161,165,165,165,165,165,165,170,170,170,170,170,170,170,175,180,185,185,193,200,200,200,209,220,220,220,230,230,240,250,260,260,265,260,262,256,259,278,293,295,290,288,288,300,300,300,290,280,290,290,300,300,300,310,310,310,310,310,320,320,320,323,330,330,335,335,340,345,355,345,345,345,340,350,345,350,340,345,340,340,350,350,350,355,360,370,380,395,420
3071,200,200,200,200,200,210,210,215,225,230,230,230,230,230,230,240,240,243,240,240,240,240,250,250,255,260,270,270,280,290,300,301,320,340,350,351,360,360,370,370,398,390,395,400,400,400,400,400,400,410,420,430,435,440,440,450,450,445,440,450,450,450,470,470,460,485,473,485,490,490,490,490,520,510,520,520,510,520,520,540,550,550,550,550,530,550,550,550,550,550,550,560,573,600,600,605,640
3142,330,330,330,323,320,270,265,260,290,300,300,310,310,345,380,360,320,310,320,320,395,388,350,370,318,327,390,390,400,480,500,500,475,465,485,528,575,600,550,550,500,500,500,590,730,730,750,595,-,-,513,570,561,528,568,550,550,575,550,578,563,550,518,510,600,645,655,640,620,620,635,650,650,700,648,660,650,640,648,643,648,650,645,590,580,600,560,638,590,590,650,695,695,673,650,650,640
3228,140,143,150,150,153,150,155,165,170,170,170,165,160,173,175,180,188,195,185,180,180,185,200,200,200,210,210,218,230,230,243,250,250,250,250,255,260,260,260,260,270,280,300,298,300,300,300,308,300,320,310,310,343,340,345,343,350,350,343,345,345,320,345,350,350,360,375,373,395,395,390,405,390,395,395,395,395,360,380,368,368,395,390,400,405,410,455,478,500,500,500,500,500,515,500,500,500
3844,120,120,120,120,120,120,120,123,125,130,130,140,140,145,150,155,160,160,160,160,170,170,170,170,170,170,170,170,180,190,200,200,200,190,198,200,210,225,220,230,230,230,228,225,230,240,240,245,248,250,243,225,230,225,240,240,240,250,255,260,260,250,250,248,250,260,250,250,250,250,250,255,250,250,260,260,260,260,260,260,268,275,280,290,290,300,320,320,330,340,343,350,345,350,350,350,370
3043,-,163,165,165,168,173,175,-,-,-,-,-,-,-,-,-,-,193,193,200,205,-,-,-,-,-,210,210,220,220,230,230,233,-,270,268,270,270,273,280,-,-,-,280,268,280,295,295,305,300,300,300,308,305,290,-,298,298,310,310,330,340,350,343,-,-,-,320,320,330,320,340,340,340,340,355,353,350,350,350,350,350,350,350,345,330,365,360,396,380,385,385,403,-,430,440,450
3133,190,193,192,190,190,190,190,198,195,200,205,200,200,200,200,205,230,230,230,230,225,220,228,240,240,248,250,255,260,260,270,270,270,280,295,300,298,300,300,300,305,325,333,330,335,338,348,350,350,350,350,350,340,350,350,350,360,350,370,355,360,365,365,370,370,370,370,355,360,355,360,395,398,400,400,400,401,400,415,410,408,405,393,378,375,380,390,380,395,395,383,393,410,450,460,460,480
3677,125,125,125,130,130,130,130,138,140,135,135,135,135,138,140,138,140,145,150,150,155,145,150,150,150,170,175,180,180,185,180,180,180,180,185,185,190,185,185,185,188,195,198,190,195,200,210,210,215,210,200,215,220,230,230,235,230,230,235,240,240,245,245,240,240,235,235,235,230,230,230,240,240,250,250,250,250,260,270,273,278,270,275,280,295,295,298,330,330,340,350,350,350,350,350,350,370
3152,-,183,190,190,200,193,190,190,170,170,165,165,-,-,-,196,200,188,190,195,210,210,205,190,190,220,230,255,260,265,260,258,258,300,320,320,320,310,310,295,295,310,340,350,345,340,335,339,340,339,340,350,335,338,355,348,373,365,360,370,368,365,368,360,358,358,358,350,350,375,380,390,390,393,388,388,400,390,393,398,370,400,393,385,400,400,400,420,420,420,415,410,400,418,440,460,480
3820,125,125,130,130,130,130,130,140,140,140,145,140,143,145,150,150,150,155,155,155,155,160,160,160,160,165,170,168,165,165,165,170,180,170,180,185,185,190,200,200,200,210,205,220,220,220,231,240,240,230,230,230,230,240,240,240,245,240,240,240,245,248,250,250,250,250,250,250,260,265,260,260,260,260,283,283,283,290,290,290,290,290,300,300,300,310,320,330,340,340,348,360,360,370,370,370,380
3280,140,140,140,140,150,150,150,155,155,155,160,160,160,168,165,170,175,178,180,185,185,185,190,190,195,200,210,200,210,220,220,220,220,220,220,228,230,230,240,240,250,250,250,250,252,260,270,270,270,270,260,260,260,260,260,260,260,260,270,270,270,270,270,260,270,270,260,270,270,278,280,280,280,280,283,288,295,300,300,300,310,320,310,320,320,320,350,360,380,380,380,395,400,400,400,400,415
3355,130,130,130,140,140,140,145,145,150,150,150,150,155,160,160,163,165,165,170,168,165,170,170,170,175,175,175,180,180,180,180,180,188,190,200,200,200,200,200,205,225,228,230,225,220,225,225,233,235,240,240,243,243,240,240,232,240,250,260,275,270,260,260,255,250,245,245,240,240,240,240,250,250,260,260,265,265,270,275,280,280,280,280,280,280,283,300,310,320,320,320,320,325,340,340,345,350
3030,150,150,150,145,150,150,150,153,150,155,159,161,165,165,165,165,165,165,168,170,173,170,173,175,175,190,190,195,195,210,210,220,225,225,233,240,250,250,250,250,250,260,260,260,260,268,270,270,275,270,270,270,265,266,270,270,270,275,280,290,290,290,290,285,290,290,290,295,300,300,300,310,310,310,315,320,325,320,320,320,320,325,325,321,320,320,320,320,320,325,330,330,330,350,360,370,390
3012,150,155,155,155,160,160,160,163,165,170,175,170,170,170,170,178,175,180,180,175,180,180,180,180,180,185,190,190,200,200,210,220,240,245,250,260,270,275,280,280,280,285,290,295,300,300,300,300,295,300,300,300,310,300,310,314,325,330,330,330,330,340,350,345,350,343,350,365,380,380,380,380,380,370,375,373,370,380,390,400,400,390,390,391,390,395,399,395,400,400,400,400,410,430,440,450,470
3003,230,240,240,250,260,260,260,260,265,270,270,275,273,275,273,270,280,270,280,280,285,290,290,295,295,308,310,310,310,320,350,350,360,385,415,420,420,420,420,420,420,420,420,450,450,475,470,480,470,460,470,470,490,475,460,475,450,485,486,478,485,473,485,490,490,500,495,495,500,510,550,550,550,550,540,550,550,570,575,575,575,573,550,550,518,505,515,520,520,540,540,540,550,550,590,600,620
3757,-,-,-,-,-,-,-,-,-,-,178,-,180,180,183,178,178,-,210,210,210,203,203,-,-,-,240,240,240,240,230,240,238,233,243,243,250,250,283,300,295,310,290,310,320,320,338,300,300,295,300,300,305,300,300,310,293,295,295,295,295,300,300,300,300,300,290,293,300,300,308,310,310,320,320,320,320,325,325,330,330,330,330,335,335,338,348,340,350,350,350,350,360,370,385,400,420
3016,230,230,235,240,240,250,250,250,250,250,250,250,250,250,250,250,250,250,253,253,250,265,265,270,278,273,280,283,280,290,290,300,320,340,350,350,350,350,360,360,370,375,375,395,390,400,410,415,410,410,435,440,440,440,440,435,449,450,440,443,443,450,460,460,450,455,460,465,470,475,480,475,480,485,480,495,500,500,505,520,520,515,490,490,490,498,500,480,500,470,500,518,520,550,580,588,595
3181,270,280,280,280,280,280,290,290,295,300,295,300,300,300,300,305,310,310,310,320,320,320,330,330,340,340,350,360,375,380,393,393,400,405,418,420,430,440,445,450,460,468,485,495,498,520,520,504,520,515,520,520,525,525,530,550,545,550,550,550,550,550,575,560,550,560,563,590,590,595,597,600,620,620,625,620,625,620,630,630,630,635,630,620,600,600,600,618,620,625,625,650,650,675,700,700,725
3690,140,140,140,140,140,145,145,145,150,151,155,155,160,160,160,160,160,160,170,175,180,180,175,180,180,185,195,203,210,210,210,210,205,203,205,205,210,213,210,210,210,210,220,220,220,220,220,220,230,235,245,240,238,240,235,235,245,253,270,270,270,265,260,250,250,250,250,250,250,250,250,250,263,270,273,275,280,280,280,280,280,280,280,290,290,310,310,320,320,330,340,358,360,380,370,370,380
3013,185,190,190,190,195,195,200,200,210,210,215,218,215,220,220,220,220,220,230,230,230,230,230,230,230,240,245,250,265,270,280,290,300,320,330,330,335,340,340,350,350,360,361,361,370,370,375,380,380,385,390,390,390,400,400,418,420,420,430,440,430,440,440,440,445,450,450,450,460,460,465,470,470,475,480,480,495,500,500,500,503,500,500,500,495,495,500,500,500,500,500,500,510,520,525,550,590
3139,145,145,150,150,150,150,155,155,155,155,160,160,165,170,170,170,175,175,180,180,175,180,180,185,190,195,195,195,200,200,210,215,220,225,228,240,240,245,250,250,250,260,260,260,270,270,280,290,285,280,280,280,285,290,290,290,300,300,300,300,305,310,300,300,300,300,310,310,310,320,325,330,335,340,340,350,350,350,350,355,355,360,360,355,360,370,375,380,395,390,400,410,420,430,423,425,430
