Suburb,Postcode,Mar 2000,Jun 2000,Sep 2000,Dec 2000,Mar 2001,Jun 2001,Sep 2001,Dec 2001,Mar 2002,Jun 2002,Sep 2002,Dec 2002,Mar 2003,Jun 2003,Sep 2003,Dec 2003,Mar 2004,Jun 2004,Sep 2004,Dec 2004,Mar 2005,Jun 2005,Sep 2005,Dec 2005,Mar 2006,Jun 2006,Sep 2006,Dec 2006,Mar 2007,Jun 2007,Sep 2007,Dec 2007,Mar 2008,Jun 2008,Sep 2008,Dec 2008,Mar 2009,Jun 2009,Sep 2009,Dec 2009,Mar 2010,Jun 2010,Sep 2010,Dec 2010,Mar 2011,Jun 2011,Sep 2011,Dec 2011,Mar 2012,Jun 2012,Sep 2012,Dec 2012,Mar 2013,Jun 2013,Sep 2013,Dec 2013,Mar 2014,Jun 2014,Sep 2014,Dec 2014,Mar 2015,Jun 2015,Sep 2015,Dec 2015,Mar 2016,Jun 2016,Sep 2016,Dec 2016,Mar 2017,Jun 2017,Sep 2017,Dec 2017,Mar 2018,Jun 2018,Sep 2018,Dec 2018,Mar 2019,Jun 2019,Sep 2019,Dec 2019,Mar 2020,Jun 2020,Sep 2020,Dec 2020,Mar 2021,Jun 2021,Sep 2021,Dec 2021,Mar 2022,Jun 2022,Sep 2022,Dec 2022,Mar 2023,Jun 2023,Sep 2023,Dec 2023,Mar 2024
ABBOTSFORD,3067,310,320,330,345,350,350,350,360,380,-,400,380,-,410,380,-,383,-,-,400,375,380,350,365,-,400,425,445,445,423,-,495,538,538,543,-,550,600,-,-,-,-,-,-,-,-,-,-,-,-,665,650,650,630,605,610,600,-,-,705,790,790,780,780,780,780,800,800,800,-,-,-,-,1020,-,-,860,870,955,880,890,818,818,780,760,-,855,860,875,950,1000,998,1010,1023,995,1048,-
ALBERT PARK,3206,500,550,525,513,550,523,510,520,520,563,600,600,625,550,600,600,638,600,595,635,588,683,700,700,700,700,700,650,750,750,720,750,900,875,900,1003,800,900,900,920,1000,1125,1050,1100,975,905,1200,1200,1200,1200,1088,1025,1075,1100,1125,1150,1050,1050,1000,1050,1100,1100,1215,1223,1223,1223,1200,1150,1050,1050,1150,1150,1200,1200,1100,1100,1200,1150,1150,1225,1250,1390,1365,1313,1125,1100,1150,980,995,1100,1100,1200,1288,1338,1450,1463,1475
ALFREDTON,3350,220,240,220,220,250,260,260,260,260,270,275,280,280,270,268,260,270,270,270,280,280,280,280,280,280,280,280,290,300,300,300,300,300,303,320,325,330,325,330,328,330,333,330,340,340,350,353,360,360,360,360,360,360,360,360,360,360,360,360,360,360,360,360,360,358,360,360,360,370,370,370,370,370,380,380,385,400,400,400,400,400,400,400,400,400,420,420,430,430,440,440,450,450,450,450,450,460
ALPHINGTON,3078,-,250,300,300,320,325,310,-,-,-,320,320,325,325,335,300,240,340,340,380,415,351,415,405,-,-,-,390,425,400,470,500,530,530,533,533,530,540,540,550,550,550,550,540,580,585,670,678,660,570,630,610,720,750,740,750,700,715,748,750,748,760,760,760,800,800,800,800,815,850,800,795,790,790,800,860,840,840,850,870,900,900,900,850,863,850,875,868,865,875,870,875,895,883,950,950,950
ALTONA,3018,200,200,210,213,220,230,240,238,240,235,238,248,250,250,260,260,260,275,273,280,280,280,280,290,290,300,300,310,310,310,313,325,330,340,350,350,360,365,365,360,360,360,360,370,370,370,360,360,360,350,360,360,360,369,370,370,380,380,380,385,390,390,390,395,400,400,400,400,400,400,410,410,415,420,420,420,420,425,420,423,420,420,420,420,420,420,420,425,430,430,445,450,470,480,500,530,550
ARMADALE,3143,580,673,773,673,760,650,565,550,540,540,520,-,-,-,620,500,523,563,600,620,828,743,550,710,550,-,-,668,758,710,853,902,903,795,711,673,673,750,903,1250,1050,1200,850,825,-,-,823,1100,1028,1200,1064,1000,1238,1175,1250,1300,1200,1200,1200,1175,1225,1400,1350,1350,1400,1375,1125,1100,1100,950,1199,1200,1225,1295,1330,1400,1500,1500,1450,1200,1025,1100,1150,1050,995,990,945,990,1100,1100,1150,1200,1200,1250,1275,1350,1325
ASCOT VALE,3032,300,292,290,290,290,300,300,300,300,310,320,320,325,320,295,320,315,315,350,330,330,330,328,343,365,368,373,373,400,400,408,410,410,420,420,420,450,450,450,440,450,470,500,550,543,550,580,550,600,605,600,605,600,600,600,628,625,600,630,650,650,680,663,680,648,650,650,650,698,698,650,700,700,700,728,740,750,763,750,750,750,755,780,780,770,750,780,778,750,778,750,778,800,840,850,900,920
ASHBURTON,3147,270,270,280,308,323,345,330,310,305,290,315,320,318,320,320,335,380,380,380,350,320,320,320,328,338,330,320,320,320,350,350,378,385,385,400,400,450,460,450,450,450,450,451,480,500,500,480,480,495,500,510,500,500,500,500,505,550,550,570,560,580,580,580,600,600,600,600,600,630,645,630,630,620,620,630,650,645,648,655,650,660,650,650,643,620,605,600,600,623,645,650,680,680,700,720,750,765
ASPENDALE,3195,250,250,250,260,250,265,290,285,293,293,280,280,280,300,300,300,295,291,300,300,305,300,300,310,330,330,335,330,340,340,350,350,365,380,400,418,410,415,420,430,450,440,450,450,470,475,470,460,460,460,460,465,470,493,475,490,495,500,505,495,483,475,485,500,520,540,540,535,540,545,535,530,550,540,550,580,580,580,580,580,595,595,600,600,630,640,650,650,665,670,680,695,670,700,700,720,750
AVONDALE HEIGHTS,3034,230,230,230,235,235,235,240,240,240,240,245,245,240,240,235,248,250,250,250,250,260,260,268,275,280,283,295,280,295,320,350,350,375,380,400,400,380,400,400,395,400,430,400,450,450,450,498,510,525,480,450,450,450,485,510,520,520,520,494,495,497,520,523,520,500,493,490,480,480,500,500,550,565,550,575,558,573,565,560,570,560,580,550,550,560,598,600,600,575,550,555,560,600,620,650,688,715
BAIRNSDALE,3875,160,158,165,165,163,160,160,160,170,185,190,200,183,185,185,185,195,200,210,240,240,240,220,220,218,213,226,230,235,235,-,230,240,243,250,250,270,280,275,265,280,280,280,300,320,320,340,340,343,350,340,340,330,340,340,340,340,340,350,350,350,360,360,360,360,360,360,363,375,370,375,370,370,370,375,375,380,380,385,390,390,390,395,400,410,420,420,450,450,460,470,500,500,500,500,500,520
BALLARAT,3350,165,165,170,170,175,175,180,180,180,190,185,198,200,200,200,200,218,220,220,220,220,220,220,230,240,240,240,240,245,250,268,260,255,255,260,270,270,270,270,280,298,300,310,310,320,320,330,320,320,320,320,330,333,340,340,350,350,350,350,350,350,350,350,350,350,350,350,350,350,360,360,360,360,360,360,370,370,380,390,390,400,395,393,395,400,400,420,420,420,430,430,440,440,450,450,450,463
BALWYN,3103,398,400,400,400,400,425,411,410,405,400,399,399,380,380,400,415,435,450,440,420,440,440,450,491,495,500,500,500,500,510,505,530,535,550,570,525,550,550,550,593,600,610,620,619,620,620,620,650,670,650,660,673,650,670,650,650,678,655,680,680,650,695,700,700,700,710,710,710,740,720,700,720,720,750,795,795,800,780,780,800,800,800,788,750,725,745,750,795,840,838,845,850,850,870,895,900,950
BARWON HEADS,3227,175,180,185,190,190,197,197,210,208,220,223,218,220,220,230,230,235,238,240,250,253,268,268,270,270,288,290,290,285,305,320,320,320,320,325,350,350,360,360,370,360,370,375,398,420,430,435,430,430,430,430,425,425,425,420,420,425,420,430,430,420,420,420,430,430,430,430,440,450,450,450,460,465,470,470,480,480,498,500,485,480,470,475,500,528,550,560,600,605,638,600,600,600,600,600,600,600
BAYSWATER,3153,200,200,200,200,195,193,200,-,240,230,225,220,225,235,245,245,235,233,230,238,240,240,253,250,250,263,250,250,275,290,300,310,310,320,320,320,350,370,370,370,370,378,373,380,380,390,400,395,395,400,400,410,400,400,400,400,400,400,400,400,400,400,400,400,410,423,423,423,410,423,420,430,440,440,445,450,450,450,450,450,450,460,465,460,470,470,480,485,480,490,495,525,535,545,560,585,615
BEAUMARIS,3193,433,450,450,495,500,500,500,513,520,500,500,500,508,490,480,490,500,540,550,550,555,560,570,580,600,620,660,670,688,700,700,700,750,750,770,795,800,800,795,795,795,800,823,825,825,825,823,833,825,840,850,875,890,875,858,850,850,850,900,900,898,900,900,945,950,995,995,995,1000,1000,1000,1000,1000,1000,995,993,960,990,980,995,1000,995,995,995,990,1000,1050,1065,1100,1100,1100,1100,1100,1120,1200,1200,1250
BELMONT,3216,200,200,210,220,220,222,226,220,224,230,235,240,240,250,250,250,250,250,255,260,260,260,265,270,276,275,280,280,295,315,320,320,320,320,330,348,360,360,360,360,360,370,380,390,390,400,400,410,420,420,415,400,400,400,400,400,400,413,420,420,420,410,410,400,400,400,420,420,420,420,420,430,430,430,430,430,440,440,440,440,440,448,440,450,455,460,470,480,500,500,520,525,520,525,530,530,530
BENALLA,3672,160,150,160,160,160,160,165,185,200,200,186,200,175,200,200,200,220,220,220,210,210,210,210,225,210,210,210,210,218,230,235,233,240,230,230,230,230,250,250,260,268,280,285,300,290,288,295,295,300,300,300,300,300,300,295,300,305,310,320,315,300,300,320,315,330,330,325,330,325,335,345,350,350,350,340,340,350,350,355,380,378,390,395,400,400,400,425,450,450,460,450,450,470,470,470,500,500
BENDIGO,3550,165,168,175,165,173,160,173,175,190,200,175,180,178,190,200,200,200,195,190,200,210,213,203,190,200,220,220,240,248,250,250,250,250,250,263,270,270,280,280,280,280,260,265,270,310,310,310,310,338,345,350,390,355,350,350,345,340,340,340,328,333,330,333,345,343,335,333,333,330,335,340,330,370,380,380,380,380,395,390,395,380,380,398,400,400,400,420,420,450,440,470,450,450,450,460,520,510
BENTLEIGH,3204,290,300,318,330,330,320,335,340,340,345,350,350,350,340,340,328,330,335,330,340,348,350,350,368,363,360,370,395,420,420,430,450,450,495,525,530,523,540,530,540,550,545,550,550,563,580,600,600,600,600,600,625,648,620,595,620,600,620,620,658,680,695,700,695,695,695,705,700,710,750,720,740,750,740,750,750,750,760,760,790,790,780,790,780,768,780,790,800,810,820,830,830,850,870,903,950,1000
BERWICK,3806,230,235,230,230,230,230,240,240,240,240,240,240,240,240,245,250,250,250,253,255,260,260,260,265,270,275,280,280,290,300,300,310,320,340,350,351,360,360,360,365,370,370,380,385,390,395,395,400,399,395,390,390,385,390,390,395,400,400,400,400,400,410,410,418,420,420,420,420,420,420,420,420,425,420,420,420,420,420,420,420,420,420,430,430,440,445,450,460,460,475,480,500,500,520,550,555,570
BLACKBURN,3130,240,250,250,240,250,260,255,280,280,280,280,278,260,250,283,300,293,295,293,293,300,300,300,310,310,310,310,315,330,380,378,380,380,380,390,400,425,405,420,420,420,423,431,440,440,450,460,490,490,470,460,450,450,460,450,473,490,480,478,493,495,500,515,520,550,550,550,560,550,550,550,550,550,560,560,550,560,580,560,580,568,550,560,558,550,565,575,585,589,600,600,600,615,630,680,700,700
BORONIA,3155,200,200,205,203,210,205,210,220,220,220,230,235,240,240,230,250,250,250,245,240,240,240,240,240,250,260,260,263,270,278,290,298,320,335,340,350,355,360,370,355,360,368,380,385,395,395,390,395,390,400,400,410,403,400,400,405,420,425,420,420,420,425,430,423,420,420,410,420,425,430,440,445,450,450,468,470,470,470,460,465,473,470,473,470,470,478,483,495,498,525,538,540,550,560,580,598,610
BOX HILL,3128,250,250,250,255,265,283,300,300,288,280,277,280,288,280,290,290,300,320,310,320,328,330,330,340,331,330,335,340,341,350,370,390,405,430,450,450,450,450,435,428,423,420,440,450,460,470,480,470,475,480,480,470,480,480,475,480,490,513,525,533,550,525,540,550,560,573,580,600,600,600,595,570,595,595,600,650,620,650,630,630,610,600,600,598,623,620,620,620,615,650,650,660,663,660,700,740,750
BRIGHTON,3186,600,605,605,620,580,570,575,575,630,650,690,675,690,700,725,720,700,700,700,700,715,715,740,790,750,783,770,780,850,825,850,890,988,998,995,998,900,900,925,950,1000,1005,1050,1005,1050,1050,1035,1100,1099,1100,1100,1100,1150,1200,1150,1200,1188,1175,1200,1200,1208,1200,1200,1200,1200,1200,1300,1250,1350,1288,1275,1298,1275,1298,1295,1261,1250,1250,1200,1238,1238,1250,1225,1200,1200,1223,1300,1300,1388,1400,1400,1500,1440,1430,1470,1500,1560
BRIGHTON EAST,3187,425,465,475,540,490,490,475,450,575,585,595,568,545,540,520,520,520,525,545,550,535,525,530,575,530,575,560,595,660,670,740,733,775,770,770,795,750,750,790,776,780,800,810,800,863,798,800,950,912,950,924,898,890,898,875,950,963,900,1000,995,998,980,980,978,960,970,965,950,925,950,950,980,1050,1050,1050,1050,1000,1000,1025,1000,1100,1050,1100,1100,1000,1100,1080,1100,1100,1100,1150,1125,1150,1195,1150,1195,1200
BROADMEADOWS,3047,215,220,245,240,240,240,240,240,230,230,230,240,240,230,240,235,240,250,240,245,250,250,253,260,258,265,265,265,275,280,280,290,295,310,340,350,350,350,350,350,350,369,360,360,370,370,370,370,370,370,370,370,370,370,370,370,370,380,385,390,393,390,395,400,400,400,400,400,400,410,411,420,420,425,430,430,438,440,435,433,430,430,440,430,430,440,440,450,460,460,470,480,490,500,530,550,570
BRUNSWICK,3056,260,278,300,300,300,300,300,300,305,313,300,330,330,327,333,333,345,350,350,350,350,350,360,360,355,350,350,360,370,380,400,450,450,500,500,500,500,480,480,500,530,550,560,570,570,570,598,595,620,620,620,650,660,660,670,685,663,675,658,670,700,700,750,750,750,750,750,758,750,775,800,780,800,840,825,840,840,840,845,850,850,840,845,815,800,808,800,800,840,845,850,895,898,950,975,1030,1030
BRUNSWICK EAST,3057,280,280,280,-,-,-,-,-,-,405,345,350,332,305,333,350,-,-,343,343,380,380,390,-,-,-,-,-,-,-,-,-,-,-,520,520,523,520,465,573,-,568,573,-,-,-,-,633,615,615,635,640,655,703,675,720,698,700,720,720,720,720,735,730,695,695,675,710,770,720,750,730,725,780,800,850,840,850,875,800,850,810,800,850,840,868,850,800,800,850,860,855,950,950,950,1025,1050
BRUNSWICK WEST,3055,-,-,243,250,260,310,320,-,-,-,-,-,-,300,-,330,380,330,330,-,340,370,380,375,380,350,355,380,-,400,-,-,430,440,450,450,450,470,-,-,515,-,500,500,575,575,575,550,580,595,600,635,650,650,680,650,635,635,635,650,650,680,650,650,650,628,650,650,698,705,700,710,710,740,715,710,735,750,760,788,760,762,785,775,766,760,765,740,780,785,770,770,778,800,850,913,950
BULLEEN,3105,285,285,290,295,300,300,310,310,310,301,310,315,323,320,330,340,330,330,330,325,330,340,345,350,350,350,360,350,373,375,385,400,410,420,430,440,440,450,450,450,450,463,460,470,465,465,470,490,495,495,500,485,495,500,500,500,510,520,523,530,530,530,530,540,530,530,540,530,550,550,565,580,580,590,585,600,600,600,600,600,595,600,600,595,600,600,600,610,620,650,650,650,660,700,725,750,785
BUNDOORA,3083,240,245,250,250,250,250,250,260,263,260,260,260,260,270,270,270,280,290,300,295,290,293,300,310,310,313,320,321,338,350,350,370,390,400,400,400,400,400,400,400,410,400,400,400,400,400,400,395,390,380,380,380,380,380,380,380,380,390,385,390,380,380,390,388,395,400,400,400,405,420,420,420,420,425,430,430,430,435,435,435,450,450,450,450,450,450,450,450,460,463,480,480,500,520,530,550,560
BUNINYONG,3357,150,150,150,155,170,180,193,200,210,210,220,220,230,240,230,240,235,230,240,240,240,240,240,240,248,250,250,260,250,250,250,250,260,260,275,275,315,320,318,320,320,330,330,340,375,378,380,380,380,380,370,360,358,350,350,360,360,360,370,365,360,370,370,360,375,360,368,380,363,380,380,383,380,383,390,400,405,410,420,410,415,405,400,410,410,420,420,420,420,440,450,468,470,470,480,478,483
BURNLEY,3121,300,320,320,340,370,390,390,395,400,400,410,400,398,380,398,400,400,406,410,450,450,450,455,463,460,458,453,455,478,480,480,510,500,520,545,550,595,610,605,625,630,630,630,665,650,685,685,708,745,738,750,775,763,800,870,850,870,895,860,895,890,795,850,750,740,700,700,870,920,935,950,950,950,950,970,980,1000,975,975,1000,1000,1075,1000,950,850,895,935,950,1000,1065,1050,1015,1050,1050,1133,1180,1200
BURWOOD,3125,270,270,280,308,323,345,330,310,305,290,315,320,318,320,320,335,380,380,380,350,320,320,320,328,338,330,320,320,320,350,350,378,385,385,400,400,450,460,450,450,450,450,451,480,500,500,480,480,495,500,510,500,500,500,500,505,550,550,570,560,580,580,580,600,600,600,600,600,630,645,630,630,620,620,630,650,645,648,655,650,660,650,650,643,620,605,600,600,623,645,650,680,680,700,720,750,765
BURWOOD EAST,3151,250,260,260,260,260,260,270,270,275,275,280,280,275,278,280,280,280,290,290,290,295,295,300,320,325,325,328,330,330,340,340,340,355,370,375,400,400,400,410,415,420,440,430,430,430,430,450,450,450,450,450,450,450,450,450,453,460,460,470,470,475,475,478,480,490,495,500,500,500,500,500,500,510,520,520,518,513,510,518,520,530,530,550,550,550,550,550,550,550,560,570,580,600,615,630,650,680
CAMBERWELL,3124,421,421,450,430,455,498,485,500,478,468,468,495,500,500,470,465,465,480,500,540,550,550,550,550,550,600,589,600,640,650,650,650,680,675,700,700,698,700,700,725,725,750,770,780,795,795,785,795,800,785,770,760,770,795,795,810,820,820,850,840,850,860,850,850,850,850,850,850,860,895,890,875,880,875,870,895,900,900,925,918,915,900,900,895,880,895,880,900,925,928,950,950,965,1000,1050,1050,1100
CANTERBURY,3126,461,450,450,462,500,518,525,550,550,540,545,560,555,560,555,515,540,555,570,620,550,550,550,485,550,550,560,570,600,650,700,730,720,700,710,700,735,745,718,700,705,750,800,800,800,800,800,850,800,850,800,828,850,830,850,788,780,790,790,795,800,810,840,850,850,820,800,800,820,800,850,850,890,920,910,900,885,895,850,890,870,860,855,850,850,850,925,900,910,920,950,980,980,970,980,1050,1050
CARLTON,3053,420,420,420,420,420,420,420,435,428,428,435,430,500,535,510,460,430,428,420,450,450,450,470,470,475,492,575,640,650,650,650,650,650,685,696,700,710,700,730,750,750,750,760,765,766,775,750,765,770,795,795,775,800,820,820,850,850,850,850,850,840,845,850,865,850,890,860,850,900,900,900,900,920,930,950,980,975,990,950,940,960,950,950,928,943,943,945,945,930,930,920,945,1000,1090,1100,1100,1100
CARLTON NORTH,3054,380,380,380,380,400,418,420,420,430,430,425,430,420,420,425,423,450,450,450,455,475,460,475,465,540,540,535,545,550,550,575,600,610,650,650,625,650,650,695,700,700,-,680,700,720,745,770,770,750,760,765,875,900,888,880,850,850,850,850,863,863,850,860,855,890,895,900,900,930,957,1000,1000,920,910,900,900,935,950,950,960,1000,970,970,950,925,950,950,998,1025,1100,1050,1015,1100,1100,1100,1175,1200
CARNEGIE,3163,-,-,335,390,395,400,425,425,400,400,400,360,390,380,360,445,440,440,420,435,435,420,410,410,450,450,460,450,500,500,450,550,473,498,500,500,535,535,535,538,590,600,600,600,598,595,620,629,685,700,695,700,650,615,605,600,605,663,675,658,680,660,700,760,730,755,750,788,778,795,770,788,765,765,775,755,795,800,800,800,790,780,750,780,710,720,750,721,780,840,850,850,850,850,850,970,990
CARRUM,3197,250,250,250,260,250,265,290,285,293,293,280,280,280,300,300,300,295,291,300,300,305,300,300,310,330,330,335,330,340,340,350,350,365,380,400,418,410,415,420,430,450,440,450,450,470,475,470,460,460,460,460,465,470,493,475,490,495,500,505,495,483,475,485,500,520,540,540,535,540,545,535,530,550,540,550,580,580,580,580,580,595,595,600,600,630,640,650,650,665,670,680,695,670,700,700,720,750
CARRUM DOWNS,3201,183,180,180,180,180,190,190,200,200,200,210,220,220,220,220,225,230,235,240,240,250,250,251,256,260,270,268,280,278,280,290,290,300,320,321,340,340,350,350,350,365,365,375,380,380,390,390,395,400,400,400,400,400,400,400,400,410,420,420,420,420,420,420,430,430,435,450,450,450,450,450,445,450,450,450,460,460,460,460,465,470,460,460,460,470,480,493,500,500,520,530,540,550,570,580,590,600
CASTLEMAINE,3450,150,148,148,-,-,-,-,160,-,160,160,160,-,-,-,-,-,-,200,205,210,230,219,208,198,214,223,225,250,255,255,255,253,258,260,265,265,270,270,270,280,283,320,323,320,340,325,340,330,330,350,358,370,376,370,375,385,375,400,390,395,400,393,390,380,380,380,385,400,400,400,400,400,400,400,400,400,400,425,420,410,420,425,438,443,450,450,450,450,458,450,490,493,500,518,528,548
CAULFIELD,3162,375,363,360,400,395,420,450,450,470,420,420,420,420,450,450,450,418,418,418,432,450,438,445,390,410,420,433,500,550,515,515,550,505,550,550,550,573,600,613,643,660,670,650,650,600,600,610,600,650,660,660,660,680,688,725,725,700,700,700,720,745,750,765,795,800,795,795,790,805,820,845,868,850,850,850,850,895,899,900,900,900,875,850,850,850,870,895,870,905,970,1000,1033,1025,1100,1100,1100,1100
CBD,3000,-,-,-,-,-,-,-,-,-,-,-,-,-,-,-,-,-,-,-,-,-,-,-,-,-,-,-,-,-,-,-,-,-,-,-,-,-,-,-,-,-,-,-,-,-,-,-,-,-,-,-,-,-,-,-,-,-,-,-,-,-,-,-,-,-,-,-,-,-,-,-,-,-,-,-,-,-,-,-,-,-,-,-,-,-,-,-,-,-,-,-,-,-,-,-,-,-
CHADSTONE,3148,240,250,240,240,240,240,250,258,260,268,250,250,265,263,273,280,270,270,265,260,285,285,300,300,295,300,295,300,300,343,370,380,380,400,403,420,435,450,450,450,450,450,460,450,460,465,460,470,460,450,450,430,430,420,420,435,475,478,490,505,495,530,540,580,580,550,580,585,590,593,590,580,600,605,600,600,595,570,590,620,620,645,645,603,625,600,600,620,600,625,640,635,650,700,710,750,750
CHELSEA,3196,250,250,250,260,250,265,290,285,293,293,280,280,280,300,300,300,295,291,300,300,305,300,300,310,330,330,335,330,340,340,350,350,365,380,400,418,410,415,420,430,450,440,450,450,470,475,470,460,460,460,460,465,470,493,475,490,495,500,505,495,483,475,485,500,520,540,540,535,540,545,535,530,550,540,550,580,580,580,580,580,595,595,600,600,630,640,650,650,665,670,680,695,670,700,700,720,750
CHELTENHAM,3192,245,250,265,265,270,268,273,275,275,280,280,290,290,295,340,350,360,360,330,350,355,365,368,390,393,370,400,385,395,415,410,450,455,460,470,460,480,480,490,500,515,540,523,520,535,530,530,525,515,500,525,543,545,550,540,535,540,530,550,565,560,580,600,580,600,620,630,650,650,650,650,650,650,650,660,670,680,685,690,685,680,680,680,680,680,692,695,695,698,700,750,750,780,780,790,820,845
CLAYTON,3168,230,230,230,234,250,250,245,245,240,250,250,250,260,250,250,250,250,268,270,273,285,280,285,285,280,293,298,300,340,340,350,375,400,400,400,395,400,400,390,395,395,395,405,400,400,400,430,448,450,433,430,400,410,415,410,430,450,455,470,480,470,480,480,488,523,520,530,520,515,530,550,560,580,578,550,555,550,550,550,550,550,550,550,533,520,508,500,500,500,550,550,570,600,610,650,670,686
CLIFTON HILL,3068,340,350,355,350,365,380,400,400,380,395,380,410,428,430,430,440,450,445,425,423,425,428,440,450,370,360,380,405,450,468,480,520,595,600,600,650,690,700,695,700,710,695,695,650,627,623,623,720,780,780,768,810,795,795,793,793,795,800,825,850,850,850,850,890,950,950,950,925,940,950,950,970,950,960,988,995,1000,1000,1000,1000,1000,998,950,898,895,950,950,1000,988,980,980,980,985,995,1000,1110,1200
COBURG,3058,220,220,220,220,235,240,250,250,250,250,250,260,270,280,283,285,285,280,275,278,290,310,330,330,300,323,310,355,375,375,360,360,360,380,416,445,460,460,455,460,461,460,460,460,461,475,500,500,520,530,529,529,540,515,550,550,525,550,520,540,550,550,560,560,563,560,568,570,578,600,600,620,630,620,650,640,650,660,640,625,620,650,650,653,673,650,650,668,660,675,700,685,710,710,720,750,750
COBURG NORTH,3058,210,200,200,200,205,210,210,210,220,230,220,220,220,220,232,243,250,250,250,250,240,240,245,298,265,265,310,265,310,310,300,320,330,345,340,380,380,380,395,395,400,390,400,400,400,400,400,415,420,420,420,420,420,430,450,450,450,435,435,450,420,490,440,450,450,458,505,505,520,550,560,560,570,570,580,580,570,555,550,550,550,550,550,550,558,565,568,558,580,580,580,598,600,640,660,695,718
COLLINGWOOD,3066,310,320,330,345,350,350,350,360,380,-,400,380,-,410,380,-,383,-,-,400,375,380,350,365,-,400,425,445,445,423,-,495,538,538,543,-,550,600,-,-,-,-,-,-,-,-,-,-,-,-,665,650,650,630,605,610,600,-,-,705,790,790,780,780,780,780,800,800,800,-,-,-,-,1020,-,-,860,870,955,880,890,818,818,780,760,-,855,860,875,950,1000,998,1010,1023,995,1048,-
CORIO,3214,143,145,150,150,150,150,150,150,158,155,155,160,165,165,165,168,170,173,175,180,180,175,180,190,188,198,200,195,195,200,200,220,220,220,220,220,220,240,245,250,255,260,260,265,268,270,270,270,270,275,270,273,279,279,280,288,285,298,305,300,305,300,290,290,290,300,300,300,300,300,315,330,328,330,340,350,365,370,370,370,365,365,365,360,370,400,400,400,418,420,420,420,420,430,450,480,500
CRAIGIEBURN,3064,190,190,190,195,195,195,200,200,200,200,208,210,210,210,210,215,215,230,233,240,240,240,240,240,240,245,250,258,270,270,280,295,300,310,340,350,350,350,350,350,350,360,360,360,365,362,360,360,360,360,360,355,350,360,360,360,360,370,370,370,370,375,380,380,380,380,380,390,398,400,400,410,410,420,420,420,420,420,420,420,420,420,420,420,420,420,420,425,430,440,450,450,460,470,480,500,520
CRANBOURNE,3977,180,180,180,185,190,190,190,190,198,200,200,200,203,210,210,213,215,215,220,230,230,240,240,250,250,255,260,270,270,275,280,280,285,293,300,310,320,320,330,335,340,340,345,350,360,365,370,380,380,380,380,380,380,380,380,380,380,380,380,380,385,390,390,390,395,400,400,400,400,400,405,410,410,410,410,410,410,410,410,410,410,410,410,420,420,429,430,440,450,455,470,480,500,500,520,540,550
CROYDON,3136,220,220,220,230,230,240,245,241,242,245,250,250,258,260,260,260,263,270,270,270,270,275,280,280,285,290,290,300,300,320,330,340,340,350,350,360,380,383,385,390,390,395,400,400,410,420,420,420,425,430,430,440,430,430,430,430,445,440,450,450,450,450,460,470,460,460,470,465,470,480,480,490,500,500,500,500,500,500,500,500,500,500,510,520,525,530,540,550,560,580,587,595,600,600,620,650,670
DANDENONG,3175,170,175,180,180,185,190,190,190,188,190,195,195,200,210,210,210,215,215,218,220,220,225,230,230,230,235,240,240,260,270,270,276,280,290,300,330,346,350,350,360,350,350,360,350,360,370,365,375,380,380,385,390,380,390,400,410,420,415,400,410,420,450,461,470,480,480,500,500,500,500,500,510,510,520,520,530,540,530,530,530,523,530,540,530,540,535,530,530,530,550,550,600,600,613,630,650,678
DANDENONG NORTH,3175,190,190,190,190,195,195,195,200,195,198,200,203,210,210,210,215,220,220,230,230,230,230,240,240,240,250,250,250,260,260,260,275,280,290,300,308,320,320,320,325,330,340,350,350,360,360,350,350,360,360,360,360,360,370,370,370,380,380,383,390,390,388,390,395,390,395,400,400,400,410,410,410,410,415,420,430,430,440,438,430,430,430,425,420,420,426,435,443,450,450,460,471,480,493,520,550,570
DEER PARK,3023,175,175,175,175,175,178,180,190,190,190,190,190,190,195,190,200,200,200,200,210,210,210,210,208,200,200,213,230,240,250,250,250,270,300,310,320,320,320,320,320,320,320,320,325,330,330,330,330,335,335,340,340,340,340,348,350,350,350,350,350,355,360,360,360,360,370,370,370,375,380,380,385,390,400,400,400,400,410,410,420,418,420,420,420,420,417,420,420,420,420,430,430,440,450,460,480,500
DELACOMBE,3356,183,185,193,210,210,200,210,200,210,210,205,200,185,185,205,220,240,240,228,220,215,225,250,250,250,245,240,240,260,268,268,275,278,280,280,280,278,280,280,285,285,285,320,320,330,330,330,330,330,330,330,340,340,335,340,350,340,330,330,330,330,340,340,340,343,340,330,330,330,340,350,345,350,350,360,370,378,380,380,380,380,380,380,380,390,400,400,400,410,420,420,430,430,435,440,440,450
DOCKLANDS,3008,-,-,-,-,-,-,-,-,-,-,-,-,-,-,-,-,-,-,-,-,-,-,-,-,-,-,-,-,-,-,-,-,-,-,-,-,-,-,-,-,-,-,-,-,-,-,-,-,-,-,-,-,-,-,-,-,-,-,-,-,-,-,-,-,-,-,-,-,-,-,-,-,-,-,-,-,-,-,-,-,-,-,-,-,-,-,-,-,-,-,-,-,-,-,-,-,-
DONCASTER,3108,285,285,290,295,300,300,310,310,310,301,310,315,323,320,330,340,330,330,330,325,330,340,345,350,350,350,360,350,373,375,385,400,410,420,430,440,440,450,450,450,450,463,460,470,465,465,470,490,495,495,500,485,495,500,500,500,510,520,523,530,530,530,530,540,530,530,540,530,550,550,565,580,580,590,585,600,600,600,600,600,595,600,600,595,600,600,600,610,620,650,650,650,660,700,725,750,785
DONCASTER EAST,3109,290,290,280,280,290,280,295,300,300,320,320,328,335,330,330,320,333,320,320,330,320,340,350,350,358,360,361,375,370,380,380,380,400,420,420,420,420,445,440,450,450,450,470,470,465,460,485,480,480,480,480,480,495,495,495,495,495,500,520,530,520,530,530,530,550,550,550,550,550,550,550,575,590,595,590,600,590,590,600,595,600,600,600,600,600,600,600,600,600,600,620,650,650,690,720,750,780
DONVALE,3111,290,290,280,280,290,280,295,300,300,320,320,328,335,330,330,320,333,320,320,330,320,340,350,350,358,360,361,375,370,380,380,380,400,420,420,420,420,445,440,450,450,450,470,470,465,460,485,480,480,480,480,480,495,495,495,495,495,500,520,530,520,530,530,530,550,550,550,550,550,550,550,575,590,595,590,600,590,590,600,595,600,600,600,600,600,600,600,600,600,600,620,650,650,690,720,750,780
DROMANA,3936,175,175,180,180,185,188,200,200,200,200,210,220,218,210,220,220,220,220,220,220,221,230,240,240,250,250,250,260,263,270,280,280,280,290,300,300,303,315,320,330,330,345,350,350,360,370,370,373,370,385,400,400,400,400,400,400,400,400,400,400,410,420,430,430,442,450,450,470,460,475,470,470,480,480,480,495,480,485,498,495,500,500,500,500,518,550,580,650,650,675,680,680,690,692,700,690,695
 EAST BENDIGO,3550,170,170,175,180,180,190,200,210,210,220,225,220,230,230,240,248,240,250,245,243,260,255,260,264,260,260,265,260,260,265,260,270,270,270,270,280,290,290,290,300,300,310,320,320,330,340,350,360,370,370,370,373,375,375,365,368,370,365,370,360,355,360,350,350,350,350,353,350,355,358,360,370,370,380,383,390,385,380,390,390,400,400,400,400,420,440,450,450,450,460,470,470,490,495,500,500,500
EAST MELBOURNE,3002,-,-,-,-,-,-,-,-,-,-,-,-,-,-,-,-,-,608,573,-,498,498,640,640,-,-,-,-,-,-,-,-,-,-,-,-,-,-,-,-,-,888,825,825,-,-,-,-,-,-,-,-,-,-,-,-,-,-,-,-,-,-,1000,1100,-,1100,1100,1100,-,-,-,-,-,-,-,-,-,-,-,-,-,-,-,-,-,-,-,-,-,950,-,995,1100,-,1125,-,-
ECHUCA,3564,193,200,200,220,220,220,215,200,200,200,220,235,226,250,250,250,250,250,250,250,260,250,250,250,250,258,260,260,260,263,270,280,285,285,290,290,290,290,300,300,300,300,300,298,300,298,310,320,325,340,350,340,350,350,340,353,350,345,360,350,370,380,375,380,395,380,400,420,420,410,400,400,398,398,410,410,420,430,420,420,435,420,440,450,450,470,470,480,490,510,510,525,550,570,580,580,585
ELSTERNWICK,3185,390,393,480,490,480,500,500,520,430,395,430,443,465,500,470,460,450,415,450,440,-,-,-,-,-,395,490,523,575,878,750,625,693,750,663,675,675,650,650,650,620,630,610,603,660,708,750,760,825,835,835,800,758,840,750,840,900,835,1100,1050,800,850,750,784,1015,980,1036,1050,1008,1021,968,1008,1020,1025,970,970,1040,950,1020,1020,930,1025,1000,1025,1050,920,1150,995,925,1000,1100,1200,1200,1200,1200,1180,1180
ELTHAM,3095,260,260,275,280,285,300,300,300,300,300,300,300,300,310,325,325,330,330,340,340,345,350,350,350,348,350,355,360,365,390,385,395,395,400,420,420,430,440,440,450,450,450,460,460,470,465,470,473,473,480,485,480,483,480,475,488,488,495,500,500,500,510,500,500,500,520,520,530,540,540,550,550,550,550,580,590,580,595,580,580,580,585,600,600,600,620,630,630,650,650,650,650,655,685,700,700,700
ELWOOD,3184,450,450,500,500,455,455,445,438,423,430,440,496,496,480,480,460,450,465,450,460,485,518,550,565,550,-,-,-,823,750,823,750,850,900,790,813,813,875,930,950,900,950,900,925,950,850,900,-,1100,1150,1220,1250,-,1300,1100,1000,975,925,975,1025,1050,1050,1055,1080,1100,1100,1070,1085,1050,1065,1100,1100,1150,1100,1100,1100,1100,1200,1100,998,1050,1175,1293,1300,1300,1275,1250,1200,1250,1225,1250,1250,1275,1275,1275,1598,1657
ENDEAVOUR HILLS,3802,190,190,190,190,195,195,195,200,195,198,200,203,210,210,210,215,220,220,230,230,230,230,240,240,240,250,250,250,260,260,260,275,280,290,300,308,320,320,320,325,330,340,350,350,360,360,350,350,360,360,360,360,360,370,370,370,380,380,383,390,390,388,390,395,390,395,400,400,400,410,410,410,410,415,420,430,430,440,438,430,430,430,425,420,420,426,435,443,450,450,460,471,480,493,520,550,570
EPPING,3076,210,210,210,210,210,220,226,225,226,230,230,235,240,240,240,245,250,258,260,260,265,260,268,270,275,285,290,290,300,300,301,320,325,340,350,350,351,360,360,360,360,365,370,375,380,380,385,380,380,380,375,370,375,377,380,380,380,380,380,380,380,380,385,390,390,395,400,400,400,410,410,420,420,420,420,430,430,430,430,430,430,430,430,430,430,436,440,450,450,450,460,470,480,500,520,540,550
ESSENDON,3040,260,260,260,260,260,254,260,250,260,280,280,300,280,280,280,280,295,280,290,300,300,300,300,295,290,300,300,300,300,300,300,360,360,360,370,380,400,380,385,400,440,450,435,445,440,450,495,480,498,490,480,480,480,480,505,550,545,520,488,500,495,505,535,505,520,520,550,550,588,600,610,600,623,625,625,678,660,678,680,680,700,700,695,698,700,700,690,655,665,655,650,700,720,750,800,800,850
FAIRFIELD,3078,-,250,300,300,320,325,310,-,-,-,320,320,325,325,335,300,240,340,340,380,415,351,415,405,-,-,-,390,425,400,470,500,530,530,533,533,530,540,540,550,550,550,550,540,580,585,670,678,660,570,630,610,720,750,740,750,700,715,748,750,748,760,760,760,800,800,800,800,815,850,800,795,790,790,800,860,840,840,850,870,900,900,900,850,863,850,875,868,865,875,870,875,895,883,950,950,950
FAWKNER,3060,205,220,220,213,220,218,220,225,220,220,220,230,233,235,233,225,220,220,220,230,230,240,240,240,240,250,245,260,275,284,290,300,320,320,340,360,360,375,380,375,370,360,360,360,378,375,383,380,370,380,395,400,400,400,391,390,390,400,400,410,418,420,410,405,400,420,420,420,440,430,450,450,458,468,495,490,490,500,500,500,500,490,490,490,480,490,500,500,500,495,495,500,500,530,580,600,600
FERNTREE GULLY,3156,196,200,200,200,208,215,213,213,218,225,230,230,230,230,230,240,230,240,240,250,260,260,250,260,260,260,275,260,275,270,280,300,300,320,320,335,350,350,350,350,358,370,370,375,370,380,380,380,400,400,395,395,390,400,415,415,415,410,415,420,420,420,420,420,440,450,450,450,440,438,450,450,450,460,455,460,470,470,480,480,488,480,475,475,470,490,500,500,500,500,510,535,550,550,580,580,600
FITZROY,3065,383,405,385,380,420,420,438,435,408,420,423,430,445,435,435,-,444,-,450,450,-,-,468,485,-,488,-,-,-,-,-,-,-,-,-,625,650,675,650,-,-,-,-,-,-,-,-,-,-,-,920,915,890,888,-,-,950,910,900,900,930,950,950,970,971,970,995,975,990,970,1000,1030,1100,1100,1100,1100,1075,-,-,-,-,-,999,950,935,935,1010,1010,1010,1020,1050,1150,1250,1200,1150,1175,1200
FITZROY NORTH,3068,340,350,355,350,365,380,400,400,380,395,380,410,428,430,430,440,450,445,425,423,425,428,440,450,370,360,380,405,450,468,480,520,595,600,600,650,690,700,695,700,710,695,695,650,627,623,623,720,780,780,768,810,795,795,793,793,795,800,825,850,850,850,850,890,950,950,950,925,940,950,950,970,950,960,988,995,1000,1000,1000,1000,1000,998,950,898,895,950,950,1000,988,980,980,980,985,995,1000,1110,1200
FLEMINGTON,3031,320,300,320,325,345,340,345,345,350,360,360,365,370,350,320,300,320,350,360,363,350,350,345,350,365,370,380,380,395,408,-,480,500,520,510,510,500,440,450,488,565,590,575,580,550,580,615,630,655,625,600,600,530,590,560,610,628,640,640,640,690,710,695,720,700,700,720,720,750,750,750,750,750,750,798,745,800,785,765,800,750,750,720,723,738,750,780,775,778,840,850,833,810,825,850,860,900
FLORA HILL,3550,170,170,175,180,180,190,200,210,210,220,225,220,230,230,240,248,240,250,245,243,260,255,260,264,260,260,265,260,260,265,260,270,270,270,270,280,290,290,290,300,300,310,320,320,330,340,350,360,370,370,370,373,375,375,365,368,370,365,370,360,355,360,350,350,350,350,353,350,355,358,360,370,370,380,383,390,385,380,390,390,400,400,400,400,420,440,450,450,450,460,470,470,490,495,500,500,500
FOOTSCRAY,3011,200,195,200,200,220,210,200,220,223,225,225,225,250,250,250,250,250,245,250,250,240,240,235,-,240,255,258,258,273,280,280,290,305,360,360,360,380,393,405,405,405,400,400,400,400,400,410,400,390,390,380,390,400,420,430,455,458,450,500,495,500,500,500,500,500,500,500,475,470,490,470,500,500,500,510,490,590,593,620,650,650,635,552,550,550,550,552,570,580,580,550,550,550,630,630,700,750
FOREST HILL,3131,250,260,260,260,260,260,270,270,275,275,280,280,275,278,280,280,280,290,290,290,295,295,300,320,325,325,328,330,330,340,340,340,355,370,375,400,400,400,410,415,420,440,430,430,430,430,450,450,450,450,450,450,450,450,450,453,460,460,470,470,475,475,478,480,490,495,500,500,500,500,500,500,510,520,520,518,513,510,518,520,530,530,550,550,550,550,550,550,550,560,570,580,600,615,630,650,680
FRANKSTON,3199,190,190,198,200,200,200,200,200,200,210,210,220,220,230,230,230,230,230,235,235,240,240,250,250,250,260,260,260,270,270,280,280,285,298,300,308,310,320,320,330,340,350,350,360,370,380,373,360,360,360,375,375,380,380,375,380,388,390,400,400,400,400,410,420,420,425,430,430,440,450,450,450,450,450,460,465,465,465,460,460,460,460,460,460,460,480,500,518,525,540,550,575,590,595,600,620,630
GEELONG,3220,175,175,200,178,175,180,183,205,205,205,220,210,200,200,200,210,230,230,250,240,225,225,225,225,250,280,273,280,260,265,285,280,290,290,300,310,310,305,300,300,345,360,360,360,360,340,350,345,345,360,360,370,360,350,355,380,380,390,380,360,380,380,370,380,395,385,398,390,380,390,390,390,410,420,460,450,450,450,450,460,475,475,475,470,475,495,505,528,525,535,550,545,540,550,528,520,540
GEELONG WEST,3218,165,148,148,140,140,155,165,170,175,190,200,200,200,218,220,220,225,243,220,245,245,250,250,250,250,235,230,235,250,250,270,270,300,300,295,300,300,300,330,330,340,365,400,410,420,420,405,428,430,430,420,410,380,375,370,373,395,395,405,410,400,400,400,400,400,420,428,420,405,400,400,425,450,470,473,495,525,540,525,530,510,493,528,515,540,550,550,550,550,580,580,580,590,600,610,628,620
GLADSTONE PARK,3043,200,200,200,200,200,200,218,220,223,230,230,230,230,235,235,235,235,240,240,233,240,238,235,233,230,238,240,250,260,260,270,270,280,290,300,308,320,330,340,350,350,350,350,360,370,360,360,360,370,360,365,360,355,355,360,360,360,360,360,370,370,375,380,380,380,390,400,405,420,420,420,420,420,420,420,428,423,430,430,430,438,440,438,440,450,455,462,464,450,470,470,470,480,480,500,523,550
GLEN IRIS,3146,421,421,450,430,455,498,485,500,478,468,468,495,500,500,470,465,465,480,500,540,550,550,550,550,550,600,589,600,640,650,650,650,680,675,700,700,698,700,700,725,725,750,770,780,795,795,785,795,800,785,770,760,770,795,795,810,820,820,850,840,850,860,850,850,850,850,850,850,860,895,890,875,880,875,870,895,900,900,925,918,915,900,900,895,880,895,880,900,925,928,950,950,965,1000,1050,1050,1100
GLEN WAVERLEY,3150,260,260,260,258,255,260,260,270,275,280,280,285,280,280,280,280,290,295,300,300,300,305,320,315,315,313,320,320,330,341,350,360,370,380,390,400,408,410,415,420,430,430,430,440,450,450,450,450,450,450,450,450,450,460,465,460,460,470,470,480,480,490,490,500,500,500,510,510,520,510,520,530,530,535,540,540,550,550,550,560,560,550,550,550,540,530,540,550,550,570,580,585,610,635,650,688,700
GLENROY,3046,205,220,220,213,220,218,220,225,220,220,220,230,233,235,233,225,220,220,220,230,230,240,240,240,240,250,245,260,275,284,290,300,320,320,340,360,360,375,380,375,370,360,360,360,378,375,383,380,370,380,395,400,400,400,391,390,390,400,400,410,418,420,410,405,400,420,420,420,440,430,450,450,458,468,495,490,490,500,500,500,500,490,490,490,480,490,500,500,500,495,495,500,500,530,580,600,600
GOLDEN SQUARE,3555,165,165,168,173,175,175,195,195,175,200,175,185,200,200,207,215,220,223,220,220,240,240,245,245,250,245,234,250,250,260,260,260,260,260,253,260,268,265,280,280,280,300,300,310,320,330,340,340,340,350,350,350,350,340,345,345,340,340,340,330,340,340,340,340,330,340,340,340,350,340,340,340,345,348,350,360,365,370,378,370,380,390,390,398,410,430,450,450,460,470,473,480,480,480,495,500,520
GREENSBOROUGH,3088,240,245,250,250,250,250,250,260,263,260,260,260,260,270,270,270,280,290,300,295,290,293,300,310,310,313,320,321,338,350,350,370,390,400,400,400,400,400,400,400,410,400,400,400,400,400,400,395,390,380,380,380,380,380,380,380,380,390,385,390,380,380,390,388,395,400,400,400,405,420,420,420,420,425,430,430,430,435,435,435,450,450,450,450,450,450,450,450,460,463,480,480,500,520,530,550,560
GROVEDALE,3216,200,200,210,220,220,222,226,220,224,230,235,240,240,250,250,250,250,250,255,260,260,260,265,270,276,275,280,280,295,315,320,320,320,320,330,348,360,360,360,360,360,370,380,390,390,400,400,410,420,420,415,400,400,400,400,400,400,413,420,420,420,410,410,400,400,400,420,420,420,420,420,430,430,430,430,430,440,440,440,440,440,448,440,450,455,460,470,480,500,500,520,525,520,525,530,530,530
HAMILTON,3300,120,125,130,120,130,125,129,140,143,148,150,155,165,170,170,190,210,215,235,230,240,250,245,260,260,250,260,260,260,250,250,250,268,265,270,260,255,260,275,275,280,300,280,300,290,290,350,300,300,310,285,290,280,280,280,280,270,270,260,270,280,280,280,280,300,300,300,295,290,290,310,330,340,315,290,300,300,315,330,350,350,340,330,350,350,350,360,370,380,400,410,430,430,435,450,430,450
HAMPTON,3188,433,450,450,495,500,500,500,513,520,500,500,500,508,490,480,490,500,540,550,550,555,560,570,580,600,620,660,670,688,700,700,700,750,750,770,795,800,800,795,795,795,800,823,825,825,825,823,833,825,840,850,875,890,875,858,850,850,850,900,900,898,900,900,945,950,995,995,995,1000,1000,1000,1000,1000,1000,995,993,960,990,980,995,1000,995,995,995,990,1000,1050,1065,1100,1100,1100,1100,1100,1120,1200,1200,1250
HAMPTON PARK,3976,200,200,210,215,210,215,210,210,220,220,225,230,230,230,230,230,235,237,240,245,245,250,250,250,250,255,260,260,260,270,280,285,295,300,310,330,340,340,340,340,345,350,355,360,365,370,375,375,380,380,379,380,380,380,380,380,390,390,390,395,395,395,400,400,400,400,400,410,410,420,420,420,420,420,420,420,420,420,420,425,430,430,430,430,440,448,450,450,460,470,480,495,500,520,550,550,575
HASTINGS,3915,185,190,190,190,190,190,195,210,220,220,220,220,225,233,240,243,245,245,245,245,245,250,250,250,250,250,255,260,265,270,279,283,295,295,300,315,320,320,320,330,330,340,341,348,350,360,370,370,370,370,370,370,370,373,380,390,399,400,395,400,400,390,400,400,410,425,430,450,450,460,463,460,475,480,490,490,500,500,500,520,520,520,525,525,530,550,560,590,600,600,600,600,600,600,630,650,675
HAWTHORN,3122,380,395,450,500,475,475,450,450,520,523,505,500,495,500,533,525,540,545,620,675,610,610,570,535,543,575,650,680,763,690,734,737,800,800,850,750,750,750,870,860,900,875,850,910,895,850,920,850,863,900,875,890,876,910,886,950,960,960,950,950,850,888,900,980,1000,1000,1000,1075,963,905,905,918,980,1000,1000,1000,1100,1050,1050,1050,1000,1050,1055,1050,1035,1078,1063,1100,1100,1100,1100,1100,1100,1100,1165,1100,1200
HAWTHORN EAST,3123,400,415,425,438,450,450,473,495,530,540,530,555,525,538,550,575,600,565,580,590,580,595,595,490,470,555,550,598,650,615,673,725,750,725,750,810,730,760,750,750,825,995,925,875,870,805,870,810,800,800,798,810,925,895,895,885,885,900,900,995,1050,1050,968,975,959,988,960,950,950,915,995,995,995,995,995,995,1010,1100,1050,1050,995,975,945,950,950,950,978,1000,1000,1005,1050,1000,1050,1000,1100,1100,1100
HEIDELBERG,3084,230,230,231,240,258,265,270,270,265,270,270,270,263,263,265,295,310,300,270,280,288,298,310,300,339,340,310,327,310,323,360,350,360,400,400,400,421,410,423,440,410,420,428,423,450,425,420,460,470,470,450,460,450,450,473,450,447,450,440,450,480,450,475,480,490,520,510,530,500,485,480,500,520,520,540,540,500,550,550,550,588,560,570,575,550,590,600,600,620,600,625,650,650,645,650,650,650
HEIDELBERG WEST,3081,230,230,231,240,258,265,270,270,265,270,270,270,263,263,265,295,310,300,270,280,288,298,310,300,339,340,310,327,310,323,360,350,360,400,400,400,421,410,423,440,410,420,428,423,450,425,420,460,470,470,450,460,450,450,473,450,447,450,440,450,480,450,475,480,490,520,510,530,500,485,480,500,520,520,540,540,500,550,550,550,588,560,570,575,550,590,600,600,620,600,625,650,650,645,650,650,650
HERNE HILL,3218,165,148,148,140,140,155,165,170,175,190,200,200,200,218,220,220,225,243,220,245,245,250,250,250,250,235,230,235,250,250,270,270,300,300,295,300,300,300,330,330,340,365,400,410,420,420,405,428,430,430,420,410,380,375,370,373,395,395,405,410,400,400,400,400,400,420,428,420,405,400,400,425,450,470,473,495,525,540,525,530,510,493,528,515,540,550,550,550,550,580,580,580,590,600,610,628,620
HOPPERS CROSSING,3029,190,190,200,200,208,200,210,210,210,220,220,220,220,220,225,230,230,230,240,238,240,240,240,240,250,250,250,255,260,260,265,270,280,290,300,300,300,300,300,300,300,300,300,300,300,300,300,300,305,305,305,310,310,310,315,320,320,325,330,330,330,340,340,350,350,350,360,360,370,375,380,380,390,390,400,400,400,400,400,400,400,395,390,390,390,390,390,390,390,400,400,420,430,449,460,480,500
HORSHAM,3400,155,155,160,160,170,178,180,185,180,185,200,200,200,200,200,210,215,210,210,220,223,230,235,233,238,230,245,230,220,240,240,250,250,250,250,255,250,260,255,260,280,278,280,279,280,280,280,288,295,320,320,320,320,315,320,320,330,340,340,350,350,350,350,350,340,340,340,350,350,343,348,340,350,350,350,360,360,370,380,390,390,390,375,370,375,420,425,428,440,430,420,440,440,450,470,480,480
HURSTBRIDGE,3099,240,245,250,250,250,250,250,260,263,260,260,260,260,270,270,270,280,290,300,295,290,293,300,310,310,313,320,321,338,350,350,370,390,400,400,400,400,400,400,400,410,400,400,400,400,400,400,395,390,380,380,380,380,380,380,380,380,390,385,390,380,380,390,388,395,400,400,400,405,420,420,420,420,425,430,430,430,435,435,435,450,450,450,450,450,450,450,450,460,463,480,480,500,520,530,550,560
HUGHESDALE,3166,270,290,280,275,-,315,320,320,320,330,350,363,400,405,410,395,395,365,340,320,320,320,370,458,380,370,360,360,370,370,400,400,450,450,450,520,500,490,475,485,495,545,550,530,540,540,560,620,600,600,590,580,600,588,598,620,600,620,620,640,640,660,650,690,695,695,695,680,670,700,700,700,690,700,700,730,730,710,680,670,673,680,720,750,730,748,735,760,800,755,765,750,750,775,850,875,995
IVANHOE,3079,346,348,350,360,350,320,320,340,340,370,380,420,425,438,425,450,400,390,385,380,390,378,385,-,410,410,423,423,450,475,460,490,500,500,503,505,514,511,525,520,500,550,545,550,616,588,615,640,600,645,670,700,720,764,735,710,700,700,700,703,745,740,678,665,665,670,670,670,718,723,745,750,725,700,740,730,750,750,750,750,750,780,775,750,760,750,800,750,780,785,780,830,800,800,800,800,880
IVANHOE EAST,3079,346,348,350,360,350,320,320,340,340,370,380,420,425,438,425,450,400,390,385,380,390,378,385,-,410,410,423,423,450,475,460,490,500,500,503,505,514,511,525,520,500,550,545,550,616,588,615,640,600,645,670,700,720,764,735,710,700,700,700,703,745,740,678,665,665,670,670,670,718,723,745,750,725,700,740,730,750,750,750,750,750,780,775,750,760,750,800,750,780,785,780,830,800,800,800,800,880
KANGAROO FLAT,3555,165,165,168,173,175,175,195,195,175,200,175,185,200,200,207,215,220,223,220,220,240,240,245,245,250,245,234,250,250,260,260,260,260,260,253,260,268,265,280,280,280,300,300,310,320,330,340,340,340,350,350,350,350,340,345,345,340,340,340,330,340,340,340,340,330,340,340,340,350,340,340,340,345,348,350,360,365,370,378,370,380,390,390,398,410,430,450,450,460,470,473,480,480,480,495,500,520
KEILOR,3036,250,253,250,250,240,240,240,230,230,245,250,250,275,280,300,280,280,280,278,280,255,275,300,300,300,-,-,270,283,313,313,-,345,350,350,345,350,348,360,385,400,400,400,-,-,400,-,400,410,405,410,405,410,420,400,400,400,400,400,400,405,420,435,420,400,420,430,450,450,455,410,400,420,460,495,500,505,500,493,480,480,485,460,495,495,495,520,550,550,555,563,580,608,575,613,600,605
KEILOR EAST,3033,230,230,230,235,235,235,240,240,240,240,245,245,240,240,235,248,250,250,250,250,260,260,268,275,280,283,295,280,295,320,350,350,375,380,400,400,380,400,400,395,400,430,400,450,450,450,498,510,525,480,450,450,450,485,510,520,520,520,494,495,497,520,523,520,500,493,490,480,480,500,500,550,565,550,575,558,573,565,560,570,560,580,550,550,560,598,600,600,575,550,555,560,600,620,650,688,715
KENSINGTON,3031,320,300,320,325,345,340,345,345,350,360,360,365,370,350,320,300,320,350,360,363,350,350,345,350,365,370,380,380,395,408,-,480,500,520,510,510,500,440,450,488,565,590,575,580,550,580,615,630,655,625,600,600,530,590,560,610,628,640,640,640,690,710,695,720,700,700,720,720,750,750,750,750,750,750,798,745,800,785,765,800,750,750,720,723,738,750,780,775,778,840,850,833,810,825,850,860,900
KEW,3101,450,450,450,450,490,490,500,500,450,450,450,450,450,470,460,475,475,478,475,480,473,470,500,525,500,500,500,500,620,650,650,665,690,695,760,760,778,825,785,795,773,758,795,838,850,850,850,850,833,830,830,850,850,850,900,950,983,995,975,1000,980,950,1000,1000,1000,1000,1000,1000,1000,998,1000,1000,1000,1000,950,940,948,950,950,1050,1020,1000,950,900,943,1000,1070,1100,1000,1000,980,1000,1050,1050,1150,1225,1250
LALOR,3075,180,185,185,185,185,185,185,188,195,200,200,200,200,200,200,200,200,215,225,225,230,225,225,233,230,230,230,230,245,250,250,250,255,285,300,310,300,320,320,318,338,350,350,350,350,350,350,350,360,360,370,370,370,365,360,370,370,370,380,380,380,380,390,385,390,390,390,390,400,400,400,410,413,420,420,425,430,430,430,430,430,430,430,423,430,440,440,440,431,430,450,460,470,480,500,500,515
LARA,3212,210,220,220,220,225,225,225,225,250,235,243,235,230,230,243,250,255,255,260,260,255,255,255,265,275,270,273,273,275,280,288,300,300,300,310,300,340,340,340,340,340,345,350,375,375,380,380,380,390,390,400,393,390,389,389,390,395,395,395,395,395,395,400,400,400,410,410,410,410,420,425,430,430,440,440,450,450,450,450,455,460,463,460,468,470,480,495,500,500,510,510,525,530,540,550,550,550
LILYDALE,3140,220,220,220,230,230,240,245,241,242,245,250,250,258,260,260,260,263,270,270,270,270,275,280,280,285,290,290,300,300,320,330,340,340,350,350,360,380,383,385,390,390,395,400,400,410,420,420,420,425,430,430,440,430,430,430,430,445,440,450,450,450,450,460,470,460,460,470,465,470,480,480,490,500,500,500,500,500,500,500,500,500,500,510,520,525,530,540,550,560,580,587,595,600,600,620,650,670
MAFFRA,3860,180,185,188,188,185,185,185,190,190,200,200,200,200,218,220,223,230,240,230,230,230,230,230,235,240,240,250,250,250,250,250,250,260,270,280,280,290,300,300,300,300,310,300,305,308,320,330,330,330,330,340,340,340,340,330,330,330,335,340,350,360,360,370,365,360,370,360,360,353,350,350,350,350,350,350,350,360,360,370,370,370,380,390,400,400,410,420,450,450,450,470,480,480,480,490,500,500
MALVERN,3144,575,615,650,640,580,545,545,600,580,560,570,570,583,770,770,713,695,633,600,625,650,650,750,850,788,668,645,668,668,-,1050,680,775,850,850,850,850,875,850,850,873,875,970,970,900,900,775,825,1050,1000,1100,1000,920,920,895,920,1195,1225,1250,1200,1200,1000,1000,950,1000,1150,1200,1200,1251,1230,1230,1261,1200,1100,950,1050,1100,1200,1250,1125,1300,1075,1100,1100,1100,1150,1100,1190,1200,1200,1200,1200,1200,1350,1400,1400,1400
MALVERN EAST,3145,395,410,415,400,425,410,405,420,410,415,395,405,415,435,470,450,523,498,455,470,470,455,485,465,450,450,450,450,575,550,560,570,525,650,600,625,650,650,675,650,783,790,795,815,750,750,650,708,739,707,785,748,738,810,775,795,811,740,750,775,763,800,800,825,780,778,800,820,820,780,823,795,843,850,850,850,850,850,827,815,820,818,848,860,875,855,870,840,815,884,883,950,998,1000,1100,1100,1100
MELTON,3337,165,165,170,170,170,170,178,180,180,183,185,185,195,200,200,200,200,200,200,210,218,211,220,223,225,225,230,230,230,240,240,250,250,250,260,260,270,270,270,275,280,280,290,295,300,300,300,300,300,300,295,295,295,295,300,300,300,300,310,310,315,320,320,325,330,330,340,340,340,340,340,345,350,350,360,360,360,365,365,370,370,370,370,370,370,375,380,380,380,380,390,395,400,410,420,440,450
MENTONE,3194,293,295,300,295,288,300,320,330,340,305,335,340,320,345,335,360,350,360,370,375,380,380,383,390,410,405,415,425,423,425,450,478,495,515,515,490,500,498,480,500,510,550,545,550,550,550,565,580,565,585,585,595,600,598,625,625,638,625,618,615,620,620,615,615,613,625,650,650,650,650,660,690,695,700,720,713,695,690,690,690,690,700,695,700,700,697,710,700,750,768,755,775,760,820,825,825,850
MIDDLE PARK,3206,500,550,525,513,550,523,510,520,520,563,600,600,625,550,600,600,638,600,595,635,588,683,700,700,700,700,700,650,750,750,720,750,900,875,900,1003,800,900,900,920,1000,1125,1050,1100,975,905,1200,1200,1200,1200,1088,1025,1075,1100,1125,1150,1050,1050,1000,1050,1100,1100,1215,1223,1223,1223,1200,1150,1050,1050,1150,1150,1200,1200,1100,1100,1200,1150,1150,1225,1250,1390,1365,1313,1125,1100,1150,980,995,1100,1100,1200,1288,1338,1450,1463,1475
MILDURA,3500,190,190,200,200,200,210,210,200,210,210,220,228,220,220,220,220,225,233,231,233,245,230,245,245,250,250,250,252,260,260,260,260,260,260,273,270,270,280,273,280,280,285,285,290,290,290,298,290,300,310,310,320,320,320,320,330,330,330,330,330,330,330,330,333,340,340,330,330,340,340,340,350,350,355,355,360,360,360,360,370,375,380,390,390,398,400,400,400,400,420,450,450,460,480,480,500,500
MILL PARK,3082,210,210,210,210,210,220,226,225,226,230,230,235,240,240,240,245,250,258,260,260,265,260,268,270,275,285,290,290,300,300,301,320,325,340,350,350,351,360,360,360,360,365,370,375,380,380,385,380,380,380,375,370,375,377,380,380,380,380,380,380,380,380,385,390,390,395,400,400,400,410,410,420,420,420,420,430,430,430,430,430,430,430,430,430,430,436,440,450,450,450,460,470,480,500,520,540,550
MITCHAM,3132,200,210,220,220,220,220,220,220,235,230,240,250,253,258,260,263,285,278,288,268,270,270,270,280,280,285,285,295,300,318,320,330,330,350,363,365,365,368,370,390,395,410,400,418,415,400,420,420,420,420,420,420,420,430,420,440,450,440,458,453,445,465,440,430,450,445,450,500,500,500,518,525,520,528,530,520,520,520,510,533,540,550,550,530,530,530,525,530,550,550,550,550,565,590,600,655,678
MOE,3825,135,130,130,140,133,135,135,135,135,135,130,138,135,135,150,160,173,170,170,160,160,160,170,175,180,185,178,175,178,180,180,190,193,190,198,210,210,235,235,230,235,245,245,240,250,250,250,263,255,270,270,270,270,270,270,270,270,270,280,290,285,290,290,290,290,285,295,300,305,298,290,290,290,290,300,305,310,320,320,320,325,325,350,370,360,380,385,393,400,420,420,430,430,430,455,460,465
MONT ALBERT,3127,461,450,450,462,500,518,525,550,550,540,545,560,555,560,555,515,540,555,570,620,550,550,550,485,550,550,560,570,600,650,700,730,720,700,710,700,735,745,718,700,705,750,800,800,800,800,800,850,800,850,800,828,850,830,850,788,780,790,790,795,800,810,840,850,850,820,800,800,820,800,850,850,890,920,910,900,885,895,850,890,870,860,855,850,850,850,925,900,910,920,950,980,980,970,980,1050,1050
MONTMORENCY,3094,260,260,275,280,285,300,300,300,300,300,300,300,300,310,325,325,330,330,340,340,345,350,350,350,348,350,355,360,365,390,385,395,395,400,420,420,430,440,440,450,450,450,460,460,470,465,470,473,473,480,485,480,483,480,475,488,488,495,500,500,500,510,500,500,500,520,520,530,540,540,550,550,550,550,580,590,580,595,580,580,580,585,600,600,600,620,630,630,650,650,650,650,655,685,700,700,700
MOONEE PONDS,3039,300,292,290,290,290,300,300,300,300,310,320,320,325,320,295,320,315,315,350,330,330,330,328,343,365,368,373,373,400,400,408,410,410,420,420,420,450,450,450,440,450,470,500,550,543,550,580,550,600,605,600,605,600,600,600,628,625,600,630,650,650,680,663,680,648,650,650,650,698,698,650,700,700,700,728,740,750,763,750,750,750,755,780,780,770,750,780,778,750,778,750,778,800,840,850,900,920
MORDIALLOC,3195,293,295,300,295,288,300,320,330,340,305,335,340,320,345,335,360,350,360,370,375,380,380,383,390,410,405,415,425,423,425,450,478,495,515,515,490,500,498,480,500,510,550,545,550,550,550,565,580,565,585,585,595,600,598,625,625,638,625,618,615,620,620,615,615,613,625,650,650,650,650,660,690,695,700,720,713,695,690,690,690,690,700,695,700,700,697,710,700,750,768,755,775,760,820,825,825,850
MORNINGTON,3931,240,240,245,250,240,248,250,250,250,250,250,250,250,250,250,250,260,260,280,280,280,290,290,285,293,300,300,320,320,330,345,350,360,370,380,390,400,400,400,400,400,420,430,450,450,450,460,450,465,468,475,485,490,495,500,495,490,490,485,495,498,500,528,520,545,550,550,550,550,550,560,560,600,600,613,620,610,615,620,630,650,650,650,678,690,700,750,760,795,800,800,800,800,815,840,850,860
MORWELL,3840,125,125,135,140,143,143,135,143,140,135,145,145,160,160,160,160,170,170,170,173,180,170,178,170,170,175,170,170,175,183,188,210,205,220,220,220,235,200,205,200,233,250,250,255,260,260,250,250,240,245,245,250,260,260,260,270,275,280,280,280,280,283,275,270,268,265,265,265,270,270,280,285,290,285,285,290,290,300,300,300,300,300,300,310,325,330,400,400,410,415,410,420,435,440,455,470,470
MOUNT CLEAR,3350,150,150,150,155,170,180,193,200,210,210,220,220,230,240,230,240,235,230,240,240,240,240,240,240,248,250,250,260,250,250,250,250,260,260,275,275,315,320,318,320,320,330,330,340,375,378,380,380,380,380,370,360,358,350,350,360,360,360,370,365,360,370,370,360,375,360,368,380,363,380,380,383,380,383,390,400,405,410,420,410,415,405,400,410,410,420,420,420,420,440,450,468,470,470,480,478,483
MOUNT ELIZA,3930,240,240,245,250,240,248,250,250,250,250,250,250,250,250,250,250,260,260,280,280,280,290,290,285,293,300,300,320,320,330,345,350,360,370,380,390,400,400,400,400,400,420,430,450,450,450,460,450,465,468,475,485,490,495,500,495,490,490,485,495,498,500,528,520,545,550,550,550,550,550,560,560,600,600,613,620,610,615,620,630,650,650,650,678,690,700,750,760,795,800,800,800,800,815,840,850,860
MOUNT MARTHA,3934,240,240,245,250,240,248,250,250,250,250,250,250,250,250,250,250,260,260,280,280,280,290,290,285,293,300,300,320,320,330,345,350,360,370,380,390,400,400,400,400,400,420,430,450,450,450,460,450,465,468,475,485,490,495,500,495,490,490,485,495,498,500,528,520,545,550,550,550,550,550,560,560,600,600,613,620,610,615,620,630,650,650,650,678,690,700,750,760,795,800,800,800,800,815,840,850,860
MOUNT WAVERLEY,3149,265,270,263,263,260,260,280,285,300,280,280,285,280,280,280,280,270,280,280,290,310,310,320,320,320,320,305,320,330,350,360,380,400,410,410,410,420,420,420,420,443,433,440,440,450,450,460,470,470,470,480,490,490,490,485,480,475,480,488,485,520,520,520,540,535,540,540,530,530,550,550,590,593,590,580,580,600,610,620,620,610,600,600,600,598,585,550,570,570,590,620,620,635,650,700,730,750
MULGRAVE,3170,260,260,260,258,255,260,260,270,275,280,280,285,280,280,280,280,290,295,300,300,300,305,320,315,315,313,320,320,330,341,350,360,370,380,390,400,408,410,415,420,430,430,430,440,450,450,450,450,450,450,450,450,450,460,465,460,460,470,470,480,480,490,490,500,500,500,510,510,520,510,520,530,530,535,540,540,550,550,550,560,560,550,550,550,540,530,540,550,550,570,580,585,610,635,650,688,700
MURRUMBEENA,3163,270,290,280,275,-,315,320,320,320,330,350,363,400,405,410,395,395,365,340,320,320,320,370,458,380,370,360,360,370,370,400,400,450,450,450,520,500,490,475,485,495,545,550,530,540,540,560,620,600,600,590,580,600,588,598,620,600,620,620,640,640,660,650,690,695,695,695,680,670,700,700,700,690,700,700,730,730,710,680,670,673,680,720,750,730,748,735,760,800,755,765,750,750,775,850,875,995
NARRE WARREN,3805,200,200,210,215,210,215,210,210,220,220,225,230,230,230,230,230,235,237,240,245,245,250,250,250,250,255,260,260,260,270,280,285,295,300,310,330,340,340,340,340,345,350,355,360,365,370,375,375,380,380,379,380,380,380,380,380,390,390,390,395,395,395,400,400,400,400,400,410,410,420,420,420,420,420,420,420,420,420,420,425,430,430,430,430,440,448,450,450,460,470,480,495,500,520,550,550,575
NEWBOROUGH,3825,135,130,130,140,133,135,135,135,135,135,130,138,135,135,150,160,173,170,170,160,160,160,170,175,180,185,178,175,178,180,180,190,193,190,198,210,210,235,235,230,235,245,245,240,250,250,250,263,255,270,270,270,270,270,270,270,270,270,280,290,285,290,290,290,290,285,295,300,305,298,290,290,290,290,300,305,310,320,320,320,325,325,350,370,360,380,385,393,400,420,420,430,430,430,455,460,465
NEWCOMB,3219,175,175,200,178,175,180,183,205,205,205,220,210,200,200,200,210,230,230,250,240,225,225,225,225,250,280,273,280,260,265,285,280,290,290,300,310,310,305,300,300,345,360,360,360,360,340,350,345,345,360,360,370,360,350,355,380,380,390,380,360,380,380,370,380,395,385,398,390,380,390,390,390,410,420,460,450,450,450,450,460,475,475,475,470,475,495,505,528,525,535,550,545,540,550,528,520,540
NEWPORT,3015,220,248,250,250,255,275,250,255,260,260,280,280,280,250,250,255,260,260,283,293,290,295,320,340,350,345,378,360,360,360,360,425,430,430,465,465,480,480,445,460,465,480,498,498,495,500,505,505,550,550,535,580,545,540,560,550,550,570,578,580,595,598,585,610,645,650,640,635,620,625,638,640,660,665,675,670,690,700,715,725,725,695,698,720,723,740,750,735,750,750,740,750,755,800,850,870,900
NEWTOWN,3220,215,200,200,220,230,230,248,245,268,280,275,270,250,250,250,290,290,290,280,260,290,280,300,323,300,310,300,300,300,310,290,290,320,350,351,351,395,420,420,395,395,385,398,400,420,420,420,445,450,443,443,450,450,450,450,470,490,460,490,470,485,500,480,500,495,490,490,490,495,550,500,510,520,500,520,510,530,545,550,550,620,600,620,600,593,625,625,615,600,600,600,635,650,650,690,690,700
NOBLE PARK,3174,175,175,180,186,189,189,185,185,185,185,185,185,188,190,195,195,200,200,200,208,210,210,216,218,220,220,220,230,230,230,250,260,270,280,295,300,300,310,315,320,330,350,350,351,360,350,350,350,350,350,350,360,355,350,350,350,360,363,365,360,368,365,368,390,380,400,398,395,400,400,400,400,400,410,400,400,415,415,420,420,420,420,420,440,430,435,450,443,450,450,465,480,495,500,520,560,568
NORTH BENDIGO,3550,158,160,160,153,160,160,163,165,170,170,170,180,180,188,200,200,200,200,210,205,210,220,230,228,225,225,230,240,240,260,260,260,270,273,280,273,280,280,280,290,300,300,300,310,320,330,330,330,330,330,330,329,325,320,320,320,320,320,320,320,320,320,320,320,320,320,320,320,320,323,325,330,330,330,330,330,340,340,350,350,350,360,370,380,380,390,400,420,420,440,450,450,460,480,480,495,500
NORTH GEELONG,3215,168,180,180,180,180,185,195,200,218,213,200,200,200,200,200,220,220,223,223,220,225,230,230,230,240,228,240,235,245,255,260,300,285,310,320,318,330,300,305,315,340,348,365,355,350,350,365,390,385,360,360,360,360,365,360,360,350,350,360,350,360,375,375,398,400,390,385,400,400,410,405,400,400,400,420,440,440,440,445,440,440,440,450,450,450,470,475,480,498,500,500,500,500,520,520,535,550
NORTH MELBOURNE,3051,400,380,369,350,370,380,385,388,400,400,388,400,380,410,390,370,390,395,420,478,478,478,495,405,415,415,428,440,478,459,440,-,575,-,-,615,600,610,600,600,678,685,709,709,750,740,745,-,760,760,750,770,820,820,808,773,775,800,825,813,800,800,795,750,800,800,800,820,800,800,815,805,825,850,850,900,900,900,925,900,940,900,890,855,850,860,888,925,945,930,930,888,895,950,950,1000,1025
NORTHCOTE,3070,288,300,332,334,330,320,280,300,360,360,350,355,350,350,350,340,360,360,360,360,380,380,380,375,360,380,390,400,400,420,420,440,500,495,491,498,530,535,580,570,570,570,530,593,578,593,635,690,720,700,695,650,650,650,700,700,750,720,700,700,739,745,755,760,750,750,715,695,725,725,780,795,823,798,800,820,850,895,900,950,1000,950,950,900,880,870,900,913,993,975,975,950,950,980,1000,1120,1120
NUNAWADING,3131,200,210,220,220,220,220,220,220,235,230,240,250,253,258,260,263,285,278,288,268,270,270,270,280,280,285,285,295,300,318,320,330,330,350,363,365,365,368,370,390,395,410,400,418,415,400,420,420,420,420,420,420,420,430,420,440,450,440,458,453,445,465,440,430,450,445,450,500,500,500,518,525,520,528,530,520,520,520,510,533,540,550,550,530,530,530,525,530,550,550,550,550,565,590,600,655,678
OAK PARK,3046,205,220,220,213,220,218,220,225,220,220,220,230,233,235,233,225,220,220,220,230,230,240,240,240,240,250,245,260,275,284,290,300,320,320,340,360,360,375,380,375,370,360,360,360,378,375,383,380,370,380,395,400,400,400,391,390,390,400,400,410,418,420,410,405,400,420,420,420,440,430,450,450,458,468,495,490,490,500,500,500,500,490,490,490,480,490,500,500,500,495,495,500,500,530,580,600,600
OAKLEIGH,3166,240,250,240,240,240,240,250,258,260,268,250,250,265,263,273,280,270,270,265,260,285,285,300,300,295,300,295,300,300,343,370,380,380,400,403,420,435,450,450,450,450,450,460,450,460,465,460,470,460,450,450,430,430,420,420,435,475,478,490,505,495,530,540,580,580,550,580,585,590,593,590,580,600,605,600,600,595,570,590,620,620,645,645,603,625,600,600,620,600,625,640,635,650,700,710,750,750
OCEAN GROVE,3226,175,180,185,190,190,197,197,210,208,220,223,218,220,220,230,230,235,238,240,250,253,268,268,270,270,288,290,290,285,305,320,320,320,320,325,350,350,360,360,370,360,370,375,398,420,430,435,430,430,430,430,425,425,425,420,420,425,420,430,430,420,420,420,430,430,430,430,440,450,450,450,460,465,470,470,480,480,498,500,485,480,470,475,500,528,550,560,600,605,638,600,600,600,600,600,600,600
PAKENHAM,3810,180,180,180,200,200,200,200,200,200,200,210,213,220,220,220,220,220,220,225,230,230,233,238,240,240,245,250,250,250,250,260,265,275,285,290,300,300,300,300,310,310,320,320,330,330,340,340,340,340,340,340,340,340,340,340,340,345,350,350,350,350,350,355,360,360,368,370,375,378,380,380,380,380,380,385,390,390,390,390,390,390,390,395,398,400,400,410,420,430,450,450,460,475,485,500,530,550
PARKDALE,3195,293,295,300,295,288,300,320,330,340,305,335,340,320,345,335,360,350,360,370,375,380,380,383,390,410,405,415,425,423,425,450,478,495,515,515,490,500,498,480,500,510,550,545,550,550,550,565,580,565,585,585,595,600,598,625,625,638,625,618,615,620,620,615,615,613,625,650,650,650,650,660,690,695,700,720,713,695,690,690,690,690,700,695,700,700,697,710,700,750,768,755,775,760,820,825,825,850
PARKVILLE,3052,420,420,420,420,420,420,420,435,428,428,435,430,500,535,510,460,430,428,420,450,450,450,470,470,475,492,575,640,650,650,650,650,650,685,696,700,710,700,730,750,750,750,760,765,766,775,750,765,770,795,795,775,800,820,820,850,850,850,850,850,840,845,850,865,850,890,860,850,900,900,900,900,920,930,950,980,975,990,950,940,960,950,950,928,943,943,945,945,930,930,920,945,1000,1090,1100,1100,1100
PASCOE VALE,3044,210,200,200,200,205,210,210,210,220,230,220,220,220,220,232,243,250,250,250,250,240,240,245,298,265,265,310,265,310,310,300,320,330,345,340,380,380,380,395,395,400,390,400,400,400,400,400,415,420,420,420,420,420,430,450,450,450,435,435,450,420,490,440,450,450,458,505,505,520,550,560,560,570,570,580,580,570,555,550,550,550,550,550,550,558,565,568,558,580,580,580,598,600,640,660,695,718
PASCOE VALE SOUTH,3044,220,220,220,220,235,240,250,250,250,250,250,260,270,280,283,285,285,280,275,278,290,310,330,330,300,323,310,355,375,375,360,360,360,380,416,445,460,460,455,460,461,460,460,460,461,475,500,500,520,530,529,529,540,515,550,550,525,550,520,540,550,550,560,560,563,560,568,570,578,600,600,620,630,620,650,640,650,660,640,625,620,650,650,653,673,650,650,668,660,675,700,685,710,710,720,750,750
PORT MELBOURNE,3207,670,650,700,700,750,750,750,725,670,680,660,680,700,655,610,630,630,690,675,675,650,655,650,685,750,750,750,750,750,800,800,830,830,850,850,850,850,855,870,890,910,950,950,963,930,928,950,940,923,913,913,975,978,988,1000,1000,1000,1000,1025,1115,1095,1070,1015,1008,1033,1000,1100,1100,1050,1100,1050,1050,1100,1050,1063,1100,1088,1088,1150,1038,1130,1050,1050,1000,1000,990,1000,1100,1100,1100,1120,1100,1050,1150,1125,1200,1200
PORTLAND,3305,150,150,158,155,145,140,150,160,170,170,170,180,200,200,210,225,220,200,200,188,200,208,200,212,200,200,202,205,250,260,270,265,255,270,280,280,290,278,260,255,280,280,278,285,280,280,285,290,300,320,298,305,290,280,290,290,290,300,300,310,310,300,300,300,300,310,300,300,300,300,320,315,320,315,310,310,320,330,340,350,360,380,380,380,380,380,395,400,415,420,420,440,440,450,470,480,500
PORTSEA,3944,175,175,180,180,185,188,200,200,200,200,210,220,218,210,220,220,220,220,220,220,221,230,240,240,250,250,250,260,263,270,280,280,280,290,300,300,303,315,320,330,330,345,350,350,360,370,370,373,370,385,400,400,400,400,400,400,400,400,400,400,410,420,430,430,442,450,450,470,460,475,470,470,480,480,480,495,480,485,498,495,500,500,500,500,518,550,580,650,650,675,680,680,690,692,700,690,695
PRAHRAN,3181,375,410,425,437,450,450,575,550,480,480,425,400,390,383,390,420,430,455,487,484,500,520,500,-,-,-,-,-,-,-,-,-,650,650,623,593,720,725,720,740,735,775,740,715,730,690,-,775,750,725,750,700,850,850,850,850,850,865,900,890,865,803,805,850,900,975,1000,1100,893,950,995,1099,1250,1200,1200,1000,1100,1040,998,995,938,900,870,950,900,995,998,1005,1000,1075,1125,1125,1163,1100,1200,1250,1275
PRESTON,3072,225,220,220,220,220,220,223,225,230,230,230,230,230,233,245,245,245,245,245,240,240,240,240,250,250,255,290,325,320,320,325,330,330,350,365,370,390,390,380,393,405,420,420,440,440,440,418,400,430,440,450,460,450,460,470,475,470,470,470,480,480,480,500,500,510,530,535,535,565,560,560,590,585,580,600,595,600,600,580,600,600,650,650,590,590,595,605,650,620,610,608,635,653,680,690,700,750
RESEARCH,3095,260,260,275,280,285,300,300,300,300,300,300,300,300,310,325,325,330,330,340,340,345,350,350,350,348,350,355,360,365,390,385,395,395,400,420,420,430,440,440,450,450,450,460,460,470,465,470,473,473,480,485,480,483,480,475,488,488,495,500,500,500,510,500,500,500,520,520,530,540,540,550,550,550,550,580,590,580,595,580,580,580,585,600,600,600,620,630,630,650,650,650,650,655,685,700,700,700
RESERVOIR,3073,198,200,200,200,210,218,215,210,210,210,210,220,220,220,220,230,240,230,228,230,230,230,235,230,230,240,250,250,250,260,260,270,290,300,320,330,340,350,350,350,350,360,380,370,369,365,360,360,370,375,370,375,375,376,371,376,380,390,400,399,393,390,391,400,420,420,420,430,428,450,445,460,460,450,460,450,460,468,460,460,465,460,468,460,460,470,470,480,480,485,500,500,508,520,570,600,635
RICHMOND,3121,300,320,320,340,370,390,390,395,400,400,410,400,398,380,398,400,400,406,410,450,450,450,455,463,460,458,453,455,478,480,480,510,500,520,545,550,595,610,605,625,630,630,630,665,650,685,685,708,745,738,750,775,763,800,870,850,870,895,860,895,890,795,850,750,740,700,700,870,920,935,950,950,950,950,970,980,1000,975,975,1000,1000,1075,1000,950,850,895,935,950,1000,1065,1050,1015,1050,1050,1133,1180,1200
RINGWOOD,3134,222,230,220,228,240,240,250,250,260,265,270,265,270,270,270,273,273,273,275,270,280,288,297,305,300,310,310,310,310,310,318,320,330,345,350,363,380,383,385,393,400,400,405,410,418,420,420,430,440,450,450,450,450,450,455,450,450,450,450,450,460,460,470,485,480,488,480,480,480,485,490,490,495,495,500,500,500,510,510,510,510,510,510,520,520,520,520,535,555,568,578,580,600,628,650,650,650
ROWVILLE,3178,250,260,260,260,270,265,270,270,280,280,270,270,265,270,280,298,300,320,320,310,310,310,310,310,325,330,340,340,350,350,350,365,370,375,380,385,383,390,395,398,410,420,425,430,435,435,440,440,440,450,450,450,450,450,450,453,453,460,470,480,480,480,480,480,480,480,490,490,500,500,495,500,495,500,500,500,500,500,500,510,510,505,510,510,510,520,520,525,540,550,553,570,580,585,610,650,650
ROXBURGH PARK,3064,215,220,245,240,240,240,240,240,230,230,230,240,240,230,240,235,240,250,240,245,250,250,253,260,258,265,265,265,275,280,280,290,295,310,340,350,350,350,350,350,350,369,360,360,370,370,370,370,370,370,370,370,370,370,370,370,370,380,385,390,393,390,395,400,400,400,400,400,400,410,411,420,420,425,430,430,438,440,435,433,430,430,440,430,430,440,440,450,460,460,470,480,490,500,530,550,570
SALE,3850,180,185,188,188,185,185,185,190,190,200,200,200,200,218,220,223,230,240,230,230,230,230,230,235,240,240,250,250,250,250,250,250,260,270,280,280,290,300,300,300,300,310,300,305,308,320,330,330,330,330,340,340,340,340,330,330,330,335,340,350,360,360,370,365,360,370,360,360,353,350,350,350,350,350,350,350,360,360,370,370,370,380,390,400,400,410,420,450,450,450,470,480,480,480,490,500,500
SCORESBY,3179,225,230,240,235,235,240,240,245,250,250,250,250,250,250,260,260,260,265,265,270,270,275,280,280,280,280,295,290,300,300,320,325,340,355,370,375,380,380,380,380,380,390,390,400,400,400,405,410,420,430,425,420,420,418,420,420,420,430,440,445,445,450,440,450,460,460,470,465,460,470,480,480,485,500,500,500,500,500,500,500,500,500,500,500,495,500,510,520,540,550,550,550,560,595,610,630,650
SEAFORD,3198,183,180,180,180,180,190,190,200,200,200,210,220,220,220,220,225,230,235,240,240,250,250,251,256,260,270,268,280,278,280,290,290,300,320,321,340,340,350,350,350,365,365,375,380,380,390,390,395,400,400,400,400,400,400,400,400,410,420,420,420,420,420,420,430,430,435,450,450,450,450,450,445,450,450,450,460,460,460,460,465,470,460,460,460,470,480,493,500,500,520,530,540,550,570,580,590,600
SEBASTOPOL,3356,183,185,193,210,210,200,210,200,210,210,205,200,185,185,205,220,240,240,228,220,215,225,250,250,250,245,240,240,260,268,268,275,278,280,280,280,278,280,280,285,285,285,320,320,330,330,330,330,330,330,330,340,340,335,340,350,340,330,330,330,330,340,340,340,343,340,330,330,330,340,350,345,350,350,360,370,378,380,380,380,380,380,380,380,390,400,400,400,410,420,420,430,430,435,440,440,450
SEDDON,3011,220,230,230,230,221,231,231,230,230,245,238,275,260,250,255,250,250,270,265,280,285,285,290,290,278,285,293,298,345,345,350,350,380,385,400,400,400,420,405,440,500,510,495,490,470,455,450,430,420,420,495,500,490,500,530,510,530,535,520,540,598,623,630,630,623,630,640,660,675,700,650,650,650,650,650,660,710,720,720,720,740,740,750,695,680,650,668,660,660,680,700,700,750,775,773,800,850
SEYMOUR,3660,-,140,140,143,-,-,-,-,155,-,-,-,153,168,168,180,180,183,185,190,195,200,210,240,220,-,-,-,-,220,240,250,240,245,240,243,265,270,270,270,270,270,280,290,300,310,310,320,320,320,320,320,300,300,320,300,320,335,340,340,340,340,340,340,340,340,340,340,340,335,340,345,355,360,363,350,350,375,380,380,380,400,395,400,400,400,400,400,450,430,440,440,440,450,455,500,500
SHEPPARTON,3630,200,200,200,200,200,220,225,220,230,230,235,240,240,240,240,250,240,250,260,260,260,265,250,250,253,265,275,280,280,288,290,285,295,299,290,295,300,300,315,320,320,320,328,330,340,340,340,340,335,340,340,340,340,340,340,340,340,340,340,344,350,350,350,350,350,360,360,360,360,360,370,370,375,380,380,380,390,395,400,400,400,410,410,410,420,415,420,420,440,450,463,480,485,500,510,540,550
SOUTH MELBOURNE,3205,-,-,-,-,-,-,-,-,-,-,-,-,-,-,-,-,-,-,-,-,-,-,-,-,-,-,-,-,-,-,-,-,-,-,-,-,-,-,-,-,-,-,749,-,-,-,-,-,-,-,925,923,920,875,935,850,-,-,-,-,-,-,1140,-,1015,-,-,-,-,-,-,-,-,1150,980,1100,1100,-,-,-,-,1100,950,1000,948,995,1000,950,-,-,-,975,1050,1100,950,1100,-
SOUTH YARRA,3141,618,495,495,539,575,563,575,510,500,540,620,600,600,575,565,645,800,800,-,-,-,-,-,660,630,665,600,-,-,610,-,678,875,768,735,735,675,650,650,-,-,-,850,888,895,1075,890,1300,1100,1000,1000,950,915,915,900,900,895,900,895,910,925,995,1200,1200,1100,1100,1100,1100,1225,1150,1175,1250,1100,1100,1100,1100,1200,1314,1314,1400,1250,1180,1210,1150,1250,1200,1100,1075,1150,1300,1100,1100,1150,1175,1350,1450,1623
SOUTHBANK,3006,-,-,-,-,-,-,-,-,-,-,-,-,-,-,-,-,-,-,-,-,-,-,-,-,-,-,-,-,-,-,-,-,-,-,-,-,-,-,-,-,-,-,-,-,-,-,-,-,-,-,-,-,-,-,-,-,-,-,-,-,-,-,-,-,-,-,-,-,-,-,-,-,-,-,-,-,-,-,-,-,-,-,-,-,-,-,-,-,-,-,-,-,-,-,-,-,-
SPOTSWOOD,3015,220,248,250,250,255,275,250,255,260,260,280,280,280,250,250,255,260,260,283,293,290,295,320,340,350,345,378,360,360,360,360,425,430,430,465,465,480,480,445,460,465,480,498,498,495,500,505,505,550,550,535,580,545,540,560,550,550,570,578,580,595,598,585,610,645,650,640,635,620,625,638,640,660,665,675,670,690,700,715,725,725,695,698,720,723,740,750,735,750,750,740,750,755,800,850,870,900
SPRINGVALE,3171,175,175,180,180,185,190,190,200,200,200,200,200,210,200,200,210,200,208,210,210,213,218,230,225,225,223,230,235,240,250,263,280,285,300,300,310,320,330,340,350,360,351,360,360,350,358,360,360,360,360,360,360,365,370,370,370,380,380,388,390,390,400,404,404,400,415,420,435,445,430,435,440,450,460,480,480,520,523,500,500,480,468,473,480,500,485,490,483,480,485,500,500,503,520,530,600,610
ST ALBANS,3021,175,175,175,175,175,178,180,190,190,190,190,190,190,195,190,200,200,200,200,210,210,210,210,208,200,200,213,230,240,250,250,250,270,300,310,320,320,320,320,320,320,320,320,325,330,330,330,330,335,335,340,340,340,340,348,350,350,350,350,350,355,360,360,360,360,370,370,370,375,380,380,385,390,400,400,400,400,410,410,420,418,420,420,420,420,417,420,420,420,420,430,430,440,450,460,480,500
ST KILDA,3182,-,440,445,445,440,465,485,493,563,525,500,550,-,-,-,-,-,-,-,495,464,486,495,-,-,-,-,-,-,-,-,-,-,-,-,-,-,830,850,910,835,885,-,-,-,895,890,890,890,900,910,990,990,990,970,935,858,748,800,800,978,895,700,850,850,850,960,913,960,928,980,1000,1100,1100,1000,920,885,885,800,1025,925,1025,950,875,900,895,920,890,950,1045,1050,1085,1050,1050,1000,1100,1200
ST KILDA EAST,3183,360,355,360,360,450,450,475,480,500,480,453,450,395,411,401,401,420,410,410,420,405,460,456,490,550,470,480,523,490,558,-,540,575,590,593,633,550,610,550,-,688,680,640,700,630,603,640,515,750,750,800,850,850,850,810,792,768,800,800,800,700,810,823,825,850,825,820,850,875,895,897,855,855,885,908,900,915,925,950,950,980,900,850,850,780,815,900,870,885,868,858,900,920,993,1100,1150,1150
ST KILDA RD,3004,-,-,-,-,-,-,-,-,-,-,-,-,-,-,-,-,-,-,-,-,-,-,-,-,-,-,-,-,-,-,-,-,-,-,-,-,-,-,-,-,-,-,-,-,-,-,-,-,-,-,-,-,-,-,-,-,-,-,-,-,-,-,-,-,-,-,-,-,-,-,-,-,-,-,-,-,-,-,-,-,-,-,-,-,-,-,-,-,-,-,-,-,-,-,-,-,-
ST KILDA WEST,3182,500,550,525,513,550,523,510,520,520,563,600,600,625,550,600,600,638,600,595,635,588,683,700,700,700,700,700,650,750,750,720,750,900,875,900,1003,800,900,900,920,1000,1125,1050,1100,975,905,1200,1200,1200,1200,1088,1025,1075,1100,1125,1150,1050,1050,1000,1050,1100,1100,1215,1223,1223,1223,1200,1150,1050,1050,1150,1150,1200,1200,1100,1100,1200,1150,1150,1225,1250,1390,1365,1313,1125,1100,1150,980,995,1100,1100,1200,1288,1338,1450,1463,1475
SUNBURY,3429,190,190,195,195,195,210,215,218,230,235,240,240,240,240,250,250,240,245,240,240,245,245,245,250,255,265,270,278,280,280,283,300,300,305,315,320,325,330,340,350,350,350,350,350,350,353,350,360,358,350,350,350,350,355,360,360,360,360,360,360,360,363,365,370,370,375,380,380,380,380,390,400,400,405,415,420,420,420,420,420,420,420,420,430,430,440,450,450,450,460,470,480,480,500,510,530,535
SUNSHINE,3020,170,180,175,175,170,170,170,185,190,190,190,188,190,195,195,195,195,195,195,195,200,200,205,200,200,200,200,210,215,238,250,243,250,270,280,280,290,300,320,320,328,328,330,340,348,345,350,350,350,363,350,350,350,343,350,350,350,350,350,353,375,380,380,370,370,380,385,395,395,395,400,395,400,390,400,400,420,420,420,420,415,410,420,420,440,420,420,420,420,440,440,463,470,470,482,500,530
SURREY HILLS,3127,461,450,450,462,500,518,525,550,550,540,545,560,555,560,555,515,540,555,570,620,550,550,550,485,550,550,560,570,600,650,700,730,720,700,710,700,735,745,718,700,705,750,800,800,800,800,800,850,800,850,800,828,850,830,850,788,780,790,790,795,800,810,840,850,850,820,800,800,820,800,850,850,890,920,910,900,885,895,850,890,870,860,855,850,850,850,925,900,910,920,950,980,980,970,980,1050,1050
SWAN HILL,3585,178,180,178,175,178,175,185,190,190,190,190,190,190,200,200,200,200,198,193,200,200,215,218,220,231,231,250,243,250,250,250,255,250,250,240,230,230,240,240,240,255,260,270,270,270,270,275,285,320,295,325,335,330,330,320,280,290,300,290,310,310,293,300,299,304,340,358,350,318,310,320,335,335,370,370,350,350,350,350,360,360,390,410,410,410,405,380,390,400,400,418,450,420,450,450,450,500
SYDENHAM,3037,250,250,250,250,250,250,258,260,255,250,250,250,250,250,250,250,250,250,250,250,250,258,260,260,260,260,260,270,270,280,290,300,310,320,330,340,345,340,340,345,350,350,350,360,360,370,370,375,375,380,380,380,380,380,389,390,395,400,400,400,400,410,410,410,420,420,425,430,430,430,431,440,440,440,450,445,450,450,450,445,440,440,440,440,430,430,430,440,440,440,450,450,451,460,480,490,500
TEMPLESTOWE,3106,285,285,290,295,300,300,310,310,310,301,310,315,323,320,330,340,330,330,330,325,330,340,345,350,350,350,360,350,373,375,385,400,410,420,430,440,440,450,450,450,450,463,460,470,465,465,470,490,495,495,500,485,495,500,500,500,510,520,523,530,530,530,530,540,530,530,540,530,550,550,565,580,580,590,585,600,600,600,600,600,595,600,600,595,600,600,600,610,620,650,650,650,660,700,725,750,785
THOMASTOWN,3074,180,185,185,185,185,185,185,188,195,200,200,200,200,200,200,200,200,215,225,225,230,225,225,233,230,230,230,230,245,250,250,250,255,285,300,310,300,320,320,318,338,350,350,350,350,350,350,350,360,360,370,370,370,365,360,370,370,370,380,380,380,380,390,385,390,390,390,390,400,400,400,410,413,420,420,425,430,430,430,430,430,430,430,423,430,440,440,440,431,430,450,460,470,480,500,500,515
THORNBURY,3071,250,260,265,263,275,275,273,280,280,280,285,295,295,300,300,280,280,280,280,300,320,333,340,350,340,340,375,375,400,400,380,390,395,410,420,420,450,470,480,485,500,500,500,509,500,510,515,530,560,608,600,615,600,600,600,570,580,590,585,590,608,620,650,650,670,675,670,650,650,650,650,680,692,725,738,686,750,790,845,850,820,750,750,750,800,810,850,850,825,838,810,823,880,900,893,900,900
TOORAK,3142,770,790,840,815,800,825,800,950,1075,1075,1050,845,810,820,820,1050,975,950,800,775,620,695,723,723,750,1048,1100,1250,1275,1250,1250,1225,1500,1791,1500,1558,1500,1277,1400,1330,1425,1475,1500,1450,1395,1423,1525,1500,1500,1500,1500,1200,1125,1200,1200,1400,1400,1500,1750,1750,1875,1575,1400,1400,1385,1360,1575,1650,1700,1800,1800,1600,1623,1575,1500,1550,1298,1263,1200,1225,1200,1213,1200,1200,1200,1275,1500,1400,1400,1508,1400,1558,1600,1550,1400,1475,1825
TORQUAY,3228,195,200,200,215,230,235,250,250,250,270,260,260,260,260,260,265,264,268,270,270,280,285,290,300,300,320,320,330,350,350,355,360,370,380,400,400,400,400,400,425,430,430,440,440,450,450,450,450,450,450,450,450,450,450,450,460,460,460,460,463,480,480,495,495,495,490,490,495,500,500,510,520,525,540,550,550,550,550,550,550,548,550,550,550,578,600,620,635,650,650,655,670,670,670,670,675,680
TRARALGON,3844,183,180,175,175,170,175,180,180,200,200,210,215,200,215,220,230,230,240,230,225,240,240,260,250,260,260,260,265,275,280,285,295,300,303,310,310,320,320,320,320,325,325,330,330,330,330,335,340,340,340,340,340,350,350,350,350,350,350,350,350,350,350,350,350,355,360,360,360,360,360,360,360,360,360,370,380,395,395,395,400,400,410,410,420,440,450,450,450,450,460,460,480,490,500,510,520,520
TULLAMARINE,3043,200,200,200,200,200,200,218,220,223,230,230,230,230,235,235,235,235,240,240,233,240,238,235,233,230,238,240,250,260,260,270,270,280,290,300,308,320,330,340,350,350,350,350,360,370,360,360,360,370,360,365,360,355,355,360,360,360,360,360,370,370,375,380,380,380,390,400,405,420,420,420,420,420,420,420,428,423,430,430,430,438,440,438,440,450,455,462,464,450,470,470,470,480,480,500,523,550
VERMONT,3133,250,260,260,260,260,260,270,270,275,275,280,280,275,278,280,280,280,290,290,290,295,295,300,320,325,325,328,330,330,340,340,340,355,370,375,400,400,400,410,415,420,440,430,430,430,430,450,450,450,450,450,450,450,450,450,453,460,460,470,470,475,475,478,480,490,495,500,500,500,500,500,500,510,520,520,518,513,510,518,520,530,530,550,550,550,550,550,550,550,560,570,580,600,615,630,650,680
WANGARATTA,3677,168,165,165,170,170,170,170,170,173,170,173,178,180,190,195,200,200,200,210,210,225,230,238,240,240,240,240,240,240,240,245,250,250,260,250,260,250,260,260,270,275,280,280,280,280,280,285,285,300,300,310,310,300,295,300,310,320,320,320,335,320,320,320,320,323,320,320,330,340,350,350,350,350,350,360,370,370,370,370,375,380,400,405,408,420,420,430,450,463,470,480,495,500,500,500,500,500
WANTIRNA,3152,225,230,240,235,235,240,240,245,250,250,250,250,250,250,260,260,260,265,265,270,270,275,280,280,280,280,295,290,300,300,320,325,340,355,370,375,380,380,380,380,380,390,390,400,400,400,405,410,420,430,425,420,420,418,420,420,420,430,440,445,445,450,440,450,460,460,470,465,460,470,480,480,485,500,500,500,500,500,500,500,500,500,500,500,495,500,510,520,540,550,550,550,560,595,610,630,650
WARRAGUL,3820,175,180,180,185,185,185,180,183,188,205,205,210,210,210,213,215,235,250,260,260,250,250,250,250,250,255,260,260,260,268,265,260,270,270,278,285,295,300,303,310,310,310,320,320,320,330,330,340,340,340,338,335,335,330,340,340,340,350,350,350,350,355,360,360,370,370,370,370,370,378,380,380,390,400,410,410,410,420,420,420,420,415,410,420,420,423,430,440,450,450,470,480,485,495,500,510,520
WARRNAMBOOL,3280,170,180,185,190,200,200,200,200,180,180,200,210,220,220,220,225,250,250,250,250,250,250,250,255,270,280,283,280,300,300,300,300,300,300,320,320,320,320,323,330,350,360,370,380,380,378,380,380,380,380,380,385,380,390,395,380,380,385,390,390,400,390,400,395,390,398,393,393,390,400,400,400,400,410,410,410,420,430,440,440,430,440,440,450,460,480,500,500,500,500,505,520,550,570,580,600,600
WENDOUREE,3355,220,240,220,220,250,260,260,260,260,270,275,280,280,270,268,260,270,270,270,280,280,280,280,280,280,280,280,290,300,300,300,300,300,303,320,325,330,325,330,328,330,333,330,340,340,350,353,360,360,360,360,360,360,360,360,360,360,360,360,360,360,360,360,360,358,360,360,360,370,370,370,370,370,380,380,385,400,400,400,400,400,400,400,400,400,420,420,430,430,440,440,450,450,450,450,450,460
WERRIBEE,3030,190,190,200,200,208,200,210,210,210,220,220,220,220,220,225,230,230,230,240,238,240,240,240,240,250,250,250,255,260,260,265,270,280,290,300,300,300,300,300,300,300,300,300,300,300,300,300,300,305,305,305,310,310,310,315,320,320,325,330,330,330,340,340,350,350,350,360,360,370,375,380,380,390,390,400,400,400,400,400,400,400,395,390,390,390,390,390,390,390,400,400,420,430,449,460,480,500
WEST FOOTSCRAY,3012,185,185,165,165,165,170,193,195,190,185,198,200,190,195,205,205,230,240,230,220,195,180,205,230,240,250,270,270,240,240,240,240,270,310,345,360,355,360,370,365,385,365,360,350,340,350,350,360,385,380,400,395,420,430,420,420,404,400,400,400,443,450,463,450,440,450,450,460,460,480,480,500,525,530,520,496,500,530,550,565,570,550,530,530,530,520,525,525,550,575,583,573,578,585,600,650,640
WEST MELBOURNE,3003,400,380,369,350,370,380,385,388,400,400,388,400,380,410,390,370,390,395,420,478,478,478,495,405,415,415,428,440,478,459,440,-,575,-,-,615,600,610,600,600,678,685,709,709,750,740,745,-,760,760,750,770,820,820,808,773,775,800,825,813,800,800,795,750,800,800,800,820,800,800,815,805,825,850,850,900,900,900,925,900,940,900,890,855,850,860,888,925,945,930,930,888,895,950,950,1000,1025
WHITTLESEA,3757,-,-,245,223,225,225,238,-,-,-,-,-,-,265,265,260,270,270,265,275,273,270,260,260,260,270,280,300,300,300,308,310,320,330,330,340,350,350,360,360,370,370,380,380,380,380,380,375,370,360,350,349,349,350,350,350,350,350,360,360,360,360,360,365,370,369,370,370,370,375,380,383,390,400,400,400,400,400,400,410,410,410,410,410,410,420,420,430,430,440,450,460,470,480,495,508,530
WILLIAMSTOWN,3016,330,350,353,355,360,375,360,375,380,395,388,388,395,380,395,400,413,450,450,450,460,475,478,480,480,480,480,475,470,475,470,500,540,550,550,550,598,600,600,600,600,600,620,620,640,650,700,700,660,650,650,650,680,700,720,740,750,735,750,750,695,715,745,738,750,735,710,730,705,733,745,750,750,790,820,825,820,790,790,800,785,800,790,765,780,785,790,805,838,850,863,850,863,900,885,950,950
WINDSOR,3181,375,410,425,437,450,450,575,550,480,480,425,400,390,383,390,420,430,455,487,484,500,520,500,-,-,-,-,-,-,-,-,-,650,650,623,593,720,725,720,740,735,775,740,715,730,690,-,775,750,725,750,700,850,850,850,850,850,865,900,890,865,803,805,850,900,975,1000,1100,893,950,995,1099,1250,1200,1200,1000,1100,1040,998,995,938,900,870,950,900,995,998,1005,1000,1075,1125,1125,1163,1100,1200,1250,1275
WODONGA,3690,210,210,200,205,210,210,230,230,235,240,245,250,250,255,265,285,280,280,280,280,280,275,280,280,290,290,300,290,290,290,290,300,300,300,303,310,310,310,310,320,320,325,330,340,340,350,340,340,348,350,350,350,350,355,360,360,370,373,370,370,370,370,370,370,370,380,375,375,380,375,380,380,380,390,390,390,395,398,400,400,400,410,410,415,420,430,438,450,450,460,470,480,500,520,530,530,540
YARRAVILLE,3013,220,230,230,230,221,231,231,230,230,245,238,275,260,250,255,250,250,270,265,280,285,285,290,290,278,285,293,298,345,345,350,350,380,385,400,400,400,420,405,440,500,510,495,490,470,455,450,430,420,420,495,500,490,500,530,510,530,535,520,540,598,623,630,630,623,630,640,660,675,700,650,650,650,650,650,660,710,720,720,720,740,740,750,695,680,650,668,660,660,680,700,700,750,775,773,800,850
YARRA RANGES,3139,195,200,208,200,210,215,210,220,220,220,220,230,230,230,230,240,250,250,260,265,260,260,260,260,270,280,280,280,280,290,290,300,310,320,330,330,350,350,350,360,370,380,380,400,400,400,420,410,400,400,400,400,410,410,410,410,420,430,430,430,440,440,440,430,430,440,440,440,450,450,450,465,483,485,490,490,500,500,500,500,500,495,500,500,510,530,520,540,565,570,580,600,600,600,615,625,650
